user_id,event_id,distance
65f1c79432536e1ffd51dc3f,65f1d74032536e1ffd51dd0c,11021.651135798698
65f1c79432536e1ffd51dc3f,65f1d74032536e1ffd51dd11,11021.651135798698
65f1c79432536e1ffd51dc3f,65f1d74032536e1ffd51dd12,11022.022445859184
65f1c79432536e1ffd51dc3f,65f1d74032536e1ffd51dd0d,11022.396492098893
65f1c79432536e1ffd51dc3f,65f1d74032536e1ffd51dd0f,11022.747394195405
65f1c79432536e1ffd51dc40,65f1d74032536e1ffd51dd10,15080.685891338851
65f1c79432536e1ffd51dc40,65f1d74032536e1ffd51dd0e,15080.7193891516
65f1c79432536e1ffd51dc40,65f1d74032536e1ffd51dd0b,15080.792853955014
65f1c79432536e1ffd51dc40,65f1d74032536e1ffd51dd14,15080.792853955014
65f1c79432536e1ffd51dc40,65f1d74032536e1ffd51dd13,15081.070937250002
65f1c79432536e1ffd51dc41,65f1d74032536e1ffd51dd0c,5672.361845958423
65f1c79432536e1ffd51dc41,65f1d74032536e1ffd51dd11,5672.361845958423
65f1c79432536e1ffd51dc41,65f1d74032536e1ffd51dd0d,5673.245649164139
65f1c79432536e1ffd51dc41,65f1d74032536e1ffd51dd12,5673.306653968163
65f1c79432536e1ffd51dc41,65f1d74032536e1ffd51dd0f,5673.659725674001
65f1c79432536e1ffd51dc42,65f1d74032536e1ffd51dd10,9526.035508467852
65f1c79432536e1ffd51dc42,65f1d74032536e1ffd51dd0e,9526.124044550656
65f1c79432536e1ffd51dc42,65f1d74032536e1ffd51dd0b,9526.331492922998
65f1c79432536e1ffd51dc42,65f1d74032536e1ffd51dd14,9526.331492922998
65f1c79432536e1ffd51dc42,65f1d74032536e1ffd51dd13,9526.746988257111
65f1c79432536e1ffd51dc43,65f1d74032536e1ffd51dd0c,9366.546002946861
65f1c79432536e1ffd51dc43,65f1d74032536e1ffd51dd11,9366.546002946861
65f1c79432536e1ffd51dc43,65f1d74032536e1ffd51dd10,9366.565677915702
65f1c79432536e1ffd51dc43,65f1d74032536e1ffd51dd0e,9366.572331280347
65f1c79432536e1ffd51dc43,65f1d74032536e1ffd51dd0b,9366.581359474005
65f1c79432536e1ffd51dc44,65f1d74032536e1ffd51dd12,4686.634425098746
65f1c79432536e1ffd51dc44,65f1d74032536e1ffd51dd0c,4687.350500142297
65f1c79432536e1ffd51dc44,65f1d74032536e1ffd51dd11,4687.350500142297
65f1c79432536e1ffd51dc44,65f1d74032536e1ffd51dd0d,4687.6589151158605
65f1c79432536e1ffd51dc44,65f1d74032536e1ffd51dd0f,4687.8076255783135
65f1c79432536e1ffd51dc45,65f1d74032536e1ffd51dd10,6814.538989287026
65f1c79432536e1ffd51dc45,65f1d74032536e1ffd51dd0e,6814.569427914212
65f1c79432536e1ffd51dc45,65f1d74032536e1ffd51dd0b,6814.635537206545
65f1c79432536e1ffd51dc45,65f1d74032536e1ffd51dd14,6814.635537206545
65f1c79432536e1ffd51dc45,65f1d74032536e1ffd51dd13,6814.904088922432
65f1c79432536e1ffd51dc46,65f1d74032536e1ffd51dd0c,14014.17387763121
65f1c79432536e1ffd51dc46,65f1d74032536e1ffd51dd11,14014.17387763121
65f1c79432536e1ffd51dc46,65f1d74032536e1ffd51dd0b,14014.366384545474
65f1c79432536e1ffd51dc46,65f1d74032536e1ffd51dd14,14014.366384545474
65f1c79432536e1ffd51dc46,65f1d74032536e1ffd51dd0e,14014.381369290293
65f1c79432536e1ffd51dc47,65f1d74032536e1ffd51dd0c,2288.9758685441843
65f1c79432536e1ffd51dc47,65f1d74032536e1ffd51dd11,2288.9758685441843
65f1c79432536e1ffd51dc47,65f1d74032536e1ffd51dd12,2289.8238814831957
65f1c79432536e1ffd51dc47,65f1d74032536e1ffd51dd0d,2289.8415767518154
65f1c79432536e1ffd51dc47,65f1d74032536e1ffd51dd0f,2290.247497321447
65f1c79432536e1ffd51dc48,65f1d74032536e1ffd51dd12,18396.42167192774
65f1c79432536e1ffd51dc48,65f1d74032536e1ffd51dd0f,18397.62323405159
65f1c79432536e1ffd51dc48,65f1d74032536e1ffd51dd0d,18397.748786783355
65f1c79432536e1ffd51dc48,65f1d74032536e1ffd51dd0c,18398.027549128812
65f1c79432536e1ffd51dc48,65f1d74032536e1ffd51dd11,18398.027549128812
65f1c79432536e1ffd51dc49,65f1d74032536e1ffd51dd12,11206.485500416207
65f1c79432536e1ffd51dc49,65f1d74032536e1ffd51dd0f,11207.561302760014
65f1c79432536e1ffd51dc49,65f1d74032536e1ffd51dd0d,11207.785730690362
65f1c79432536e1ffd51dc49,65f1d74032536e1ffd51dd13,11208.042293307233
65f1c79432536e1ffd51dc49,65f1d74032536e1ffd51dd0b,11208.229227990047
65f1c79432536e1ffd51dc4a,65f1d74032536e1ffd51dd0c,14153.037496663008
65f1c79432536e1ffd51dc4a,65f1d74032536e1ffd51dd11,14153.037496663008
65f1c79432536e1ffd51dc4a,65f1d74032536e1ffd51dd0d,14153.933015971592
65f1c79432536e1ffd51dc4a,65f1d74032536e1ffd51dd12,14154.053987608155
65f1c79432536e1ffd51dc4a,65f1d74032536e1ffd51dd0f,14154.352339397361
65f1c79432536e1ffd51dc4b,65f1d74032536e1ffd51dd12,9185.814784446578
65f1c79432536e1ffd51dc4b,65f1d74032536e1ffd51dd0f,9186.500218017405
65f1c79432536e1ffd51dc4b,65f1d74032536e1ffd51dd10,9186.705173113616
65f1c79432536e1ffd51dc4b,65f1d74032536e1ffd51dd0e,9186.747779164987
65f1c79432536e1ffd51dc4b,65f1d74032536e1ffd51dd0b,9186.855898206024
65f1c79432536e1ffd51dc4c,65f1d74032536e1ffd51dd10,6395.388841724427
65f1c79432536e1ffd51dc4c,65f1d74032536e1ffd51dd0e,6395.418576577518
65f1c79432536e1ffd51dc4c,65f1d74032536e1ffd51dd0b,6395.482992677321
65f1c79432536e1ffd51dc4c,65f1d74032536e1ffd51dd14,6395.482992677321
65f1c79432536e1ffd51dc4c,65f1d74032536e1ffd51dd13,6395.749324518138
65f1c79432536e1ffd51dc4d,65f1d74032536e1ffd51dd0c,13160.064321074642
65f1c79432536e1ffd51dc4d,65f1d74032536e1ffd51dd11,13160.064321074642
65f1c79432536e1ffd51dc4d,65f1d74032536e1ffd51dd12,13160.864675189277
65f1c79432536e1ffd51dc4d,65f1d74032536e1ffd51dd0d,13160.920377484734
65f1c79432536e1ffd51dc4d,65f1d74032536e1ffd51dd0f,13161.32190423211
65f1c79432536e1ffd51dc4e,65f1d74032536e1ffd51dd12,11564.031700957055
65f1c79432536e1ffd51dc4e,65f1d74032536e1ffd51dd0c,11565.095870508378
65f1c79432536e1ffd51dc4e,65f1d74032536e1ffd51dd11,11565.095870508378
65f1c79432536e1ffd51dc4e,65f1d74032536e1ffd51dd0d,11565.2122031788
65f1c79432536e1ffd51dc4e,65f1d74032536e1ffd51dd0f,11565.271432798327
65f1c79432536e1ffd51dc4f,65f1d74032536e1ffd51dd12,11096.150235985086
65f1c79432536e1ffd51dc4f,65f1d74032536e1ffd51dd0c,11096.563258979935
65f1c79432536e1ffd51dc4f,65f1d74032536e1ffd51dd11,11096.563258979935
65f1c79432536e1ffd51dc4f,65f1d74032536e1ffd51dd0d,11097.015935539319
65f1c79432536e1ffd51dc4f,65f1d74032536e1ffd51dd0f,11097.231589397157
65f1c79432536e1ffd51dc50,65f1d74032536e1ffd51dd12,10392.848900753175
65f1c79432536e1ffd51dc50,65f1d74032536e1ffd51dd0c,10393.263492481254
65f1c79432536e1ffd51dc50,65f1d74032536e1ffd51dd11,10393.263492481254
65f1c79432536e1ffd51dc50,65f1d74032536e1ffd51dd0d,10393.71546333999
65f1c79432536e1ffd51dc50,65f1d74032536e1ffd51dd0f,10393.93079377628
65f1c79432536e1ffd51dc51,65f1d74032536e1ffd51dd10,14832.109057993826
65f1c79432536e1ffd51dc51,65f1d74032536e1ffd51dd0e,14832.19215858081
65f1c79432536e1ffd51dc51,65f1d74032536e1ffd51dd12,14832.283237118916
65f1c79432536e1ffd51dc51,65f1d74032536e1ffd51dd0b,14832.395155886548
65f1c79432536e1ffd51dc51,65f1d74032536e1ffd51dd14,14832.395155886548
65f1c79432536e1ffd51dc52,65f1d74032536e1ffd51dd12,589.2401063972187
65f1c79432536e1ffd51dc52,65f1d74032536e1ffd51dd0c,589.426962680187
65f1c79432536e1ffd51dc52,65f1d74032536e1ffd51dd11,589.426962680187
65f1c79432536e1ffd51dc52,65f1d74032536e1ffd51dd0d,589.9747857320847
65f1c79432536e1ffd51dc52,65f1d74032536e1ffd51dd0f,590.2348531590685
65f1c79432536e1ffd51dc53,65f1d74032536e1ffd51dd10,8283.52732176541
65f1c79432536e1ffd51dc53,65f1d74032536e1ffd51dd0e,8283.54661965106
65f1c79432536e1ffd51dc53,65f1d74032536e1ffd51dd0b,8283.58595009159
65f1c79432536e1ffd51dc53,65f1d74032536e1ffd51dd14,8283.58595009159
65f1c79432536e1ffd51dc53,65f1d74032536e1ffd51dd0c,8283.749814987876
65f1c79432536e1ffd51dc54,65f1d74032536e1ffd51dd12,5160.652556739107
65f1c79432536e1ffd51dc54,65f1d74032536e1ffd51dd0f,5161.584102388792
65f1c79432536e1ffd51dc54,65f1d74032536e1ffd51dd0d,5161.875701929874
65f1c79432536e1ffd51dc54,65f1d74032536e1ffd51dd13,5162.022385761734
65f1c79432536e1ffd51dc54,65f1d74032536e1ffd51dd10,5162.073216754325
65f1c79432536e1ffd51dc55,65f1d74032536e1ffd51dd0c,10234.43670614675
65f1c79432536e1ffd51dc55,65f1d74032536e1ffd51dd11,10234.43670614675
65f1c79432536e1ffd51dc55,65f1d74032536e1ffd51dd0d,10235.361425031573
65f1c79432536e1ffd51dc55,65f1d74032536e1ffd51dd13,10235.718255096532
65f1c79432536e1ffd51dc55,65f1d74032536e1ffd51dd12,10235.739716469723
65f1c79432536e1ffd51dc56,65f1d74032536e1ffd51dd12,4970.718602715086
65f1c79432536e1ffd51dc56,65f1d74032536e1ffd51dd0f,4971.883465936984
65f1c79432536e1ffd51dc56,65f1d74032536e1ffd51dd0d,4972.045674260122
65f1c79432536e1ffd51dc56,65f1d74032536e1ffd51dd13,4972.386203980266
65f1c79432536e1ffd51dc56,65f1d74032536e1ffd51dd0c,4972.403060362188
65f1c79432536e1ffd51dc57,65f1d74032536e1ffd51dd12,10974.575560440324
65f1c79432536e1ffd51dc57,65f1d74032536e1ffd51dd0f,10975.82159461163
65f1c79432536e1ffd51dc57,65f1d74032536e1ffd51dd0d,10975.869814835496
65f1c79432536e1ffd51dc57,65f1d74032536e1ffd51dd0c,10975.983666746111
65f1c79432536e1ffd51dc57,65f1d74032536e1ffd51dd11,10975.983666746111
65f1c79432536e1ffd51dc58,65f1d74032536e1ffd51dd0c,10751.053338344871
65f1c79432536e1ffd51dc58,65f1d74032536e1ffd51dd11,10751.053338344871
65f1c79432536e1ffd51dc58,65f1d74032536e1ffd51dd0d,10751.973658086967
65f1c79432536e1ffd51dc58,65f1d74032536e1ffd51dd12,10752.283103217818
65f1c79432536e1ffd51dc58,65f1d74032536e1ffd51dd13,10752.355946406955
65f1c79432536e1ffd51dc59,65f1d74032536e1ffd51dd0c,8157.147663173535
65f1c79432536e1ffd51dc59,65f1d74032536e1ffd51dd11,8157.147663173535
65f1c79432536e1ffd51dc59,65f1d74032536e1ffd51dd12,8157.451721219337
65f1c79432536e1ffd51dc59,65f1d74032536e1ffd51dd0d,8157.872287585011
65f1c79432536e1ffd51dc59,65f1d74032536e1ffd51dd0f,8158.213664411514
65f1c79432536e1ffd51dc5a,65f1d74032536e1ffd51dd12,6134.16522488938
65f1c79432536e1ffd51dc5a,65f1d74032536e1ffd51dd0c,6135.359862113617
65f1c79432536e1ffd51dc5a,65f1d74032536e1ffd51dd11,6135.359862113617
65f1c79432536e1ffd51dc5a,65f1d74032536e1ffd51dd0d,6135.394759212824
65f1c79432536e1ffd51dc5a,65f1d74032536e1ffd51dd0f,6135.416051858687
65f1c79432536e1ffd51dc5b,65f1d74032536e1ffd51dd10,14955.158832674679
65f1c79432536e1ffd51dc5b,65f1d74032536e1ffd51dd0e,14955.204521572969
65f1c79432536e1ffd51dc5b,65f1d74032536e1ffd51dd0b,14955.307407362387
65f1c79432536e1ffd51dc5b,65f1d74032536e1ffd51dd14,14955.307407362387
65f1c79432536e1ffd51dc5b,65f1d74032536e1ffd51dd13,14955.622093553035
65f1c79432536e1ffd51dc5c,65f1d74032536e1ffd51dd12,19509.373197148678
65f1c79432536e1ffd51dc5c,65f1d74032536e1ffd51dd10,19509.38762948086
65f1c79432536e1ffd51dc5c,65f1d74032536e1ffd51dd0e,19509.464912324926
65f1c79432536e1ffd51dc5c,65f1d74032536e1ffd51dd0f,19509.620624062176
65f1c79432536e1ffd51dc5c,65f1d74032536e1ffd51dd0b,19509.654361539477
65f1c79432536e1ffd51dc5d,65f1d74032536e1ffd51dd12,3188.9878003963763
65f1c79432536e1ffd51dc5d,65f1d74032536e1ffd51dd0f,3189.9634332864284
65f1c79432536e1ffd51dc5d,65f1d74032536e1ffd51dd0d,3190.237259181746
65f1c79432536e1ffd51dc5d,65f1d74032536e1ffd51dd13,3190.415409012892
65f1c79432536e1ffd51dc5d,65f1d74032536e1ffd51dd10,3190.508557392633
65f1c79432536e1ffd51dc5e,65f1d74032536e1ffd51dd10,10751.906468773497
65f1c79432536e1ffd51dc5e,65f1d74032536e1ffd51dd0e,10751.970488295172
65f1c79432536e1ffd51dc5e,65f1d74032536e1ffd51dd0b,10752.117839013123
65f1c79432536e1ffd51dc5e,65f1d74032536e1ffd51dd14,10752.117839013123
65f1c79432536e1ffd51dc5e,65f1d74032536e1ffd51dd13,10752.482201360557
65f1c79432536e1ffd51dc5f,65f1d74032536e1ffd51dd12,6144.139938234177
65f1c79432536e1ffd51dc5f,65f1d74032536e1ffd51dd0f,6145.39055846112
65f1c79432536e1ffd51dc5f,65f1d74032536e1ffd51dd0d,6145.419515940483
65f1c79432536e1ffd51dc5f,65f1d74032536e1ffd51dd0c,6145.492235491858
65f1c79432536e1ffd51dc5f,65f1d74032536e1ffd51dd11,6145.492235491858
65f1c79432536e1ffd51dc60,65f1d74032536e1ffd51dd10,12727.652379282103
65f1c79432536e1ffd51dc60,65f1d74032536e1ffd51dd0e,12727.713587753882
65f1c79432536e1ffd51dc60,65f1d74032536e1ffd51dd0b,12727.854098473003
65f1c79432536e1ffd51dc60,65f1d74032536e1ffd51dd14,12727.854098473003
65f1c79432536e1ffd51dc60,65f1d74032536e1ffd51dd13,12728.211327761204
65f1c79432536e1ffd51dc61,65f1d74032536e1ffd51dd12,6706.4327008501305
65f1c79432536e1ffd51dc61,65f1d74032536e1ffd51dd10,6706.51435477905
65f1c79432536e1ffd51dc61,65f1d74032536e1ffd51dd0e,6706.589202921713
65f1c79432536e1ffd51dc61,65f1d74032536e1ffd51dd0f,6706.7136337870925
65f1c79432536e1ffd51dc61,65f1d74032536e1ffd51dd0b,6706.773031728523
65f1c79432536e1ffd51dc62,65f1d74032536e1ffd51dd12,7382.0687379438305
65f1c79432536e1ffd51dc62,65f1d74032536e1ffd51dd0f,7383.150547243187
65f1c79432536e1ffd51dc62,65f1d74032536e1ffd51dd0d,7383.371473549195
65f1c79432536e1ffd51dc62,65f1d74032536e1ffd51dd13,7383.633167504888
65f1c79432536e1ffd51dc62,65f1d74032536e1ffd51dd0b,7383.8237380451155
65f1c79432536e1ffd51dc63,65f1d74032536e1ffd51dd12,14448.588896180152
65f1c79432536e1ffd51dc63,65f1d74032536e1ffd51dd0f,14449.633020876936
65f1c79432536e1ffd51dc63,65f1d74032536e1ffd51dd0d,14449.874747053278
65f1c79432536e1ffd51dc63,65f1d74032536e1ffd51dd13,14450.105186622322
65f1c79432536e1ffd51dc63,65f1d74032536e1ffd51dd0e,14450.268572649233
65f1c79432536e1ffd51dc64,65f1d74032536e1ffd51dd10,14273.001016747734
65f1c79432536e1ffd51dc64,65f1d74032536e1ffd51dd0e,14273.085811841265
65f1c79432536e1ffd51dc64,65f1d74032536e1ffd51dd0b,14273.284016787999
65f1c79432536e1ffd51dc64,65f1d74032536e1ffd51dd14,14273.284016787999
65f1c79432536e1ffd51dc64,65f1d74032536e1ffd51dd13,14273.69340398686
65f1c79432536e1ffd51dc65,65f1d74032536e1ffd51dd12,17011.218778731432
65f1c79432536e1ffd51dc65,65f1d74032536e1ffd51dd0f,17011.859311511584
65f1c79432536e1ffd51dc65,65f1d74032536e1ffd51dd10,17012.015783902483
65f1c79432536e1ffd51dc65,65f1d74032536e1ffd51dd0e,17012.062668209044
65f1c79432536e1ffd51dc65,65f1d74032536e1ffd51dd0b,17012.180874454993
65f1c79432536e1ffd51dc66,65f1d74032536e1ffd51dd12,15045.401257922058
65f1c79432536e1ffd51dc66,65f1d74032536e1ffd51dd0f,15046.611725521407
65f1c79432536e1ffd51dc66,65f1d74032536e1ffd51dd0d,15046.726365189521
65f1c79432536e1ffd51dc66,65f1d74032536e1ffd51dd0c,15046.982085436715
65f1c79432536e1ffd51dc66,65f1d74032536e1ffd51dd11,15046.982085436715
65f1c79432536e1ffd51dc67,65f1d74032536e1ffd51dd12,18205.171954911082
65f1c79432536e1ffd51dc67,65f1d74032536e1ffd51dd0f,18206.333378714735
65f1c79432536e1ffd51dc67,65f1d74032536e1ffd51dd0d,18206.49855464875
65f1c79432536e1ffd51dc67,65f1d74032536e1ffd51dd13,18206.835382148416
65f1c79432536e1ffd51dc67,65f1d74032536e1ffd51dd0c,18206.861894937687
65f1c79432536e1ffd51dc68,65f1d74032536e1ffd51dd12,10505.935253578522
65f1c79432536e1ffd51dc68,65f1d74032536e1ffd51dd0c,10506.167525514824
65f1c79432536e1ffd51dc68,65f1d74032536e1ffd51dd11,10506.167525514824
65f1c79432536e1ffd51dc68,65f1d74032536e1ffd51dd0d,10506.697564464172
65f1c79432536e1ffd51dc68,65f1d74032536e1ffd51dd0f,10506.949076374556
65f1c79432536e1ffd51dc69,65f1d74032536e1ffd51dd12,1763.3164739571207
65f1c79432536e1ffd51dc69,65f1d74032536e1ffd51dd0f,1764.4534104726108
65f1c79432536e1ffd51dc69,65f1d74032536e1ffd51dd0d,1764.6380078082375
65f1c79432536e1ffd51dc69,65f1d74032536e1ffd51dd13,1764.9499962965747
65f1c79432536e1ffd51dc69,65f1d74032536e1ffd51dd0c,1765.0433028852174
65f1c79432536e1ffd51dc6a,65f1d74032536e1ffd51dd0c,5320.504903355554
65f1c79432536e1ffd51dc6a,65f1d74032536e1ffd51dd11,5320.504903355554
65f1c79432536e1ffd51dc6a,65f1d74032536e1ffd51dd12,5321.064423937881
65f1c79432536e1ffd51dc6a,65f1d74032536e1ffd51dd0d,5321.303509311763
65f1c79432536e1ffd51dc6a,65f1d74032536e1ffd51dd0f,5321.678849994891
65f1c79432536e1ffd51dc6b,65f1d74032536e1ffd51dd10,8388.316115829026
65f1c79432536e1ffd51dc6b,65f1d74032536e1ffd51dd0e,8388.406711641079
65f1c79432536e1ffd51dc6b,65f1d74032536e1ffd51dd0b,8388.62700320685
65f1c79432536e1ffd51dc6b,65f1d74032536e1ffd51dd14,8388.62700320685
65f1c79432536e1ffd51dc6b,65f1d74032536e1ffd51dd12,8388.753710347266
65f1c79432536e1ffd51dc6c,65f1d74032536e1ffd51dd12,3202.96353974437
65f1c79432536e1ffd51dc6c,65f1d74032536e1ffd51dd10,3203.307739893566
65f1c79432536e1ffd51dc6c,65f1d74032536e1ffd51dd0e,3203.3731648977496
65f1c79432536e1ffd51dc6c,65f1d74032536e1ffd51dd0f,3203.378917796783
65f1c79432536e1ffd51dc6c,65f1d74032536e1ffd51dd0b,3203.534983677523
65f1c79432536e1ffd51dc6d,65f1d74032536e1ffd51dd10,16533.017962378366
65f1c79432536e1ffd51dc6d,65f1d74032536e1ffd51dd0e,16533.075599761258
65f1c79432536e1ffd51dc6d,65f1d74032536e1ffd51dd0b,16533.207427993115
65f1c79432536e1ffd51dc6d,65f1d74032536e1ffd51dd14,16533.207427993115
65f1c79432536e1ffd51dc6d,65f1d74032536e1ffd51dd13,16533.555308367166
65f1c79432536e1ffd51dc6e,65f1d74032536e1ffd51dd0c,13089.429081189526
65f1c79432536e1ffd51dc6e,65f1d74032536e1ffd51dd11,13089.429081189526
65f1c79432536e1ffd51dc6e,65f1d74032536e1ffd51dd0d,13090.353690540063
65f1c79432536e1ffd51dc6e,65f1d74032536e1ffd51dd13,13090.647086604926
65f1c79432536e1ffd51dc6e,65f1d74032536e1ffd51dd0f,13090.785004368778
65f1c79432536e1ffd51dc6f,65f1d74032536e1ffd51dd12,5479.499772844704
65f1c79432536e1ffd51dc6f,65f1d74032536e1ffd51dd0c,5480.622430991628
65f1c79432536e1ffd51dc6f,65f1d74032536e1ffd51dd11,5480.622430991628
65f1c79432536e1ffd51dc6f,65f1d74032536e1ffd51dd0d,5480.70297448098
65f1c79432536e1ffd51dc6f,65f1d74032536e1ffd51dd0f,5480.745568004782
65f1c79432536e1ffd51dc70,65f1d74032536e1ffd51dd12,5122.73246724402
65f1c79432536e1ffd51dc70,65f1d74032536e1ffd51dd0f,5123.984913091524
65f1c79432536e1ffd51dc70,65f1d74032536e1ffd51dd0d,5123.998998847927
65f1c79432536e1ffd51dc70,65f1d74032536e1ffd51dd0c,5124.03991054952
65f1c79432536e1ffd51dc70,65f1d74032536e1ffd51dd11,5124.03991054952
65f1c79432536e1ffd51dc71,65f1d74032536e1ffd51dd12,5003.554717269017
65f1c79432536e1ffd51dc71,65f1d74032536e1ffd51dd0f,5004.807455532893
65f1c79432536e1ffd51dc71,65f1d74032536e1ffd51dd0d,5004.816216608947
65f1c79432536e1ffd51dc71,65f1d74032536e1ffd51dd0c,5004.845730825874
65f1c79432536e1ffd51dc71,65f1d74032536e1ffd51dd11,5004.845730825874
65f1c79432536e1ffd51dc72,65f1d74032536e1ffd51dd0c,17259.90239069387
65f1c79432536e1ffd51dc72,65f1d74032536e1ffd51dd11,17259.90239069387
65f1c79432536e1ffd51dc72,65f1d74032536e1ffd51dd12,17260.124813397128
65f1c79432536e1ffd51dc72,65f1d74032536e1ffd51dd0d,17260.600894594223
65f1c79432536e1ffd51dc72,65f1d74032536e1ffd51dd0f,17260.930198321643
65f1c79432536e1ffd51dc73,65f1d74032536e1ffd51dd10,17824.841977007003
65f1c79432536e1ffd51dc73,65f1d74032536e1ffd51dd0e,17824.937478897402
65f1c79432536e1ffd51dc73,65f1d74032536e1ffd51dd0b,17825.16224245124
65f1c79432536e1ffd51dc73,65f1d74032536e1ffd51dd14,17825.16224245124
65f1c79432536e1ffd51dc73,65f1d74032536e1ffd51dd13,17825.586336651617
65f1c79432536e1ffd51dc74,65f1d74032536e1ffd51dd0c,2174.970466819233
65f1c79432536e1ffd51dc74,65f1d74032536e1ffd51dd11,2174.970466819233
65f1c79432536e1ffd51dc74,65f1d74032536e1ffd51dd0d,2175.814993607899
65f1c79432536e1ffd51dc74,65f1d74032536e1ffd51dd13,2175.904652489178
65f1c79432536e1ffd51dc74,65f1d74032536e1ffd51dd0b,2175.9629848464883
65f1c79432536e1ffd51dc75,65f1d74032536e1ffd51dd12,11146.298712031015
65f1c79432536e1ffd51dc75,65f1d74032536e1ffd51dd0c,11146.60103364483
65f1c79432536e1ffd51dc75,65f1d74032536e1ffd51dd11,11146.60103364483
65f1c79432536e1ffd51dc75,65f1d74032536e1ffd51dd0d,11147.101820661856
65f1c79432536e1ffd51dc75,65f1d74032536e1ffd51dd0f,11147.339778761128
65f1c79432536e1ffd51dc76,65f1d74032536e1ffd51dd0c,5845.225042696775
65f1c79432536e1ffd51dc76,65f1d74032536e1ffd51dd11,5845.225042696775
65f1c79432536e1ffd51dc76,65f1d74032536e1ffd51dd0d,5846.1376599031
65f1c79432536e1ffd51dc76,65f1d74032536e1ffd51dd13,5846.371905402174
65f1c79432536e1ffd51dc76,65f1d74032536e1ffd51dd0b,5846.533114126217
65f1c79432536e1ffd51dc77,65f1d74032536e1ffd51dd12,5555.056487927351
65f1c79432536e1ffd51dc77,65f1d74032536e1ffd51dd0f,5556.085743688841
65f1c79432536e1ffd51dc77,65f1d74032536e1ffd51dd0d,5556.334981478199
65f1c79432536e1ffd51dc77,65f1d74032536e1ffd51dd13,5556.5536640139135
65f1c79432536e1ffd51dc77,65f1d74032536e1ffd51dd10,5556.701804741766
65f1c79432536e1ffd51dc78,65f1d74032536e1ffd51dd0c,16150.087980262731
65f1c79432536e1ffd51dc78,65f1d74032536e1ffd51dd11,16150.087980262731
65f1c79432536e1ffd51dc78,65f1d74032536e1ffd51dd12,16150.461645734673
65f1c79432536e1ffd51dc78,65f1d74032536e1ffd51dd0d,16150.834116663988
65f1c79432536e1ffd51dc78,65f1d74032536e1ffd51dd0f,16151.185356922733
65f1c79432536e1ffd51dc79,65f1d74032536e1ffd51dd12,2281.8839480085217
65f1c79432536e1ffd51dc79,65f1d74032536e1ffd51dd10,2282.2027863671706
65f1c79432536e1ffd51dc79,65f1d74032536e1ffd51dd0e,2282.2691495130584
65f1c79432536e1ffd51dc79,65f1d74032536e1ffd51dd0f,2282.286365595738
65f1c79432536e1ffd51dc79,65f1d74032536e1ffd51dd0b,2282.4331688905913
65f1c79432536e1ffd51dc7a,65f1d74032536e1ffd51dd12,5652.603343196175
65f1c79432536e1ffd51dc7a,65f1d74032536e1ffd51dd0f,5653.827400657009
65f1c79432536e1ffd51dc7a,65f1d74032536e1ffd51dd0d,5653.922725860847
65f1c79432536e1ffd51dc7a,65f1d74032536e1ffd51dd0c,5654.137365106284
65f1c79432536e1ffd51dc7a,65f1d74032536e1ffd51dd11,5654.137365106284
65f1c79432536e1ffd51dc7b,65f1d74032536e1ffd51dd10,4487.155364749393
65f1c79432536e1ffd51dc7b,65f1d74032536e1ffd51dd0e,4487.262642542422
65f1c79432536e1ffd51dc7b,65f1d74032536e1ffd51dd0b,4487.520315814311
65f1c79432536e1ffd51dc7b,65f1d74032536e1ffd51dd14,4487.520315814311
65f1c79432536e1ffd51dc7b,65f1d74032536e1ffd51dd13,4487.871662230739
65f1c79432536e1ffd51dc7c,65f1d74032536e1ffd51dd0c,16452.744998625338
65f1c79432536e1ffd51dc7c,65f1d74032536e1ffd51dd11,16452.744998625338
65f1c79432536e1ffd51dc7c,65f1d74032536e1ffd51dd0b,16453.473352676614
65f1c79432536e1ffd51dc7c,65f1d74032536e1ffd51dd14,16453.473352676614
65f1c79432536e1ffd51dc7c,65f1d74032536e1ffd51dd13,16453.49119831382
65f1c79432536e1ffd51dc7d,65f1d74032536e1ffd51dd12,16995.78087584724
65f1c79432536e1ffd51dc7d,65f1d74032536e1ffd51dd0c,16996.37746958791
65f1c79432536e1ffd51dc7d,65f1d74032536e1ffd51dd11,16996.37746958791
65f1c79432536e1ffd51dc7d,65f1d74032536e1ffd51dd0d,16996.745201852907
65f1c79432536e1ffd51dc7d,65f1d74032536e1ffd51dd0f,16996.921357847834
65f1c79432536e1ffd51dc7e,65f1d74032536e1ffd51dd12,3970.47942427199
65f1c79432536e1ffd51dc7e,65f1d74032536e1ffd51dd0f,3971.479359189302
65f1c79432536e1ffd51dc7e,65f1d74032536e1ffd51dd0d,3971.742496280754
65f1c79432536e1ffd51dc7e,65f1d74032536e1ffd51dd13,3971.938661846378
65f1c79432536e1ffd51dc7e,65f1d74032536e1ffd51dd10,3972.056158950941
65f1c79432536e1ffd51dc7f,65f1d74032536e1ffd51dd12,11964.71935766163
65f1c79432536e1ffd51dc7f,65f1d74032536e1ffd51dd0c,11965.27378758064
65f1c79432536e1ffd51dc7f,65f1d74032536e1ffd51dd11,11965.27378758064
65f1c79432536e1ffd51dc7f,65f1d74032536e1ffd51dd0d,11965.661559461021
65f1c79432536e1ffd51dc7f,65f1d74032536e1ffd51dd0f,11965.847085718102
65f1c79432536e1ffd51dc80,65f1d74032536e1ffd51dd12,18757.89914096336
65f1c79432536e1ffd51dc80,65f1d74032536e1ffd51dd0c,18757.92081306877
65f1c79432536e1ffd51dc80,65f1d74032536e1ffd51dd11,18757.92081306877
65f1c79432536e1ffd51dc80,65f1d74032536e1ffd51dd0d,18758.53375272883
65f1c79432536e1ffd51dc80,65f1d74032536e1ffd51dd0f,18758.823489382256
65f1c79432536e1ffd51dc81,65f1d74032536e1ffd51dd12,10362.039011179733
65f1c79432536e1ffd51dc81,65f1d74032536e1ffd51dd0c,10362.705984663518
65f1c79432536e1ffd51dc81,65f1d74032536e1ffd51dd11,10362.705984663518
65f1c79432536e1ffd51dc81,65f1d74032536e1ffd51dd0d,10363.039146901994
65f1c79432536e1ffd51dc81,65f1d74032536e1ffd51dd0f,10363.19931367415
65f1c79432536e1ffd51dc82,65f1d74032536e1ffd51dd0c,18165.361454746224
65f1c79432536e1ffd51dc82,65f1d74032536e1ffd51dd11,18165.361454746224
65f1c79432536e1ffd51dc82,65f1d74032536e1ffd51dd12,18166.135948758478
65f1c79432536e1ffd51dc82,65f1d74032536e1ffd51dd0d,18166.21208903972
65f1c79432536e1ffd51dc82,65f1d74032536e1ffd51dd0f,18166.61113355311
65f1c79432536e1ffd51dc83,65f1d74032536e1ffd51dd10,13299.523374313465
65f1c79432536e1ffd51dc83,65f1d74032536e1ffd51dd0e,13299.557638455306
65f1c79432536e1ffd51dc83,65f1d74032536e1ffd51dd0b,13299.632952763797
65f1c79432536e1ffd51dc83,65f1d74032536e1ffd51dd14,13299.632952763797
65f1c79432536e1ffd51dc83,65f1d74032536e1ffd51dd13,13299.91342073404
65f1c79432536e1ffd51dc84,65f1d74032536e1ffd51dd10,10351.792119807193
65f1c79432536e1ffd51dc84,65f1d74032536e1ffd51dd0e,10351.901673034496
65f1c79432536e1ffd51dc84,65f1d74032536e1ffd51dd0b,10352.163254389512
65f1c79432536e1ffd51dc84,65f1d74032536e1ffd51dd14,10352.163254389512
65f1c79432536e1ffd51dc84,65f1d74032536e1ffd51dd13,10352.55957162156
65f1c79432536e1ffd51dc85,65f1d74032536e1ffd51dd10,15400.775143968316
65f1c79432536e1ffd51dc85,65f1d74032536e1ffd51dd0e,15400.87923162416
65f1c79432536e1ffd51dc85,65f1d74032536e1ffd51dd0b,15401.130031853218
65f1c79432536e1ffd51dc85,65f1d74032536e1ffd51dd14,15401.130031853218
65f1c79432536e1ffd51dc85,65f1d74032536e1ffd51dd13,15401.451860000498
65f1c79432536e1ffd51dc86,65f1d74032536e1ffd51dd0c,17663.48135111312
65f1c79432536e1ffd51dc86,65f1d74032536e1ffd51dd11,17663.48135111312
65f1c79432536e1ffd51dc86,65f1d74032536e1ffd51dd12,17663.617085564172
65f1c79432536e1ffd51dc86,65f1d74032536e1ffd51dd0d,17664.150658797775
65f1c79432536e1ffd51dc86,65f1d74032536e1ffd51dd0f,17664.46649086439
65f1c79432536e1ffd51dc87,65f1d74032536e1ffd51dd10,8836.51053519335
65f1c79432536e1ffd51dc87,65f1d74032536e1ffd51dd0e,8836.611770477917
65f1c79432536e1ffd51dc87,65f1d74032536e1ffd51dd0b,8836.850976612519
65f1c79432536e1ffd51dc87,65f1d74032536e1ffd51dd14,8836.850976612519
65f1c79432536e1ffd51dc87,65f1d74032536e1ffd51dd13,8837.27780887011
65f1c79432536e1ffd51dc88,65f1d74032536e1ffd51dd10,10160.63215399927
65f1c79432536e1ffd51dc88,65f1d74032536e1ffd51dd0e,10160.652721959872
65f1c79432536e1ffd51dc88,65f1d74032536e1ffd51dd0b,10160.695098950759
65f1c79432536e1ffd51dc88,65f1d74032536e1ffd51dd14,10160.695098950759
65f1c79432536e1ffd51dc88,65f1d74032536e1ffd51dd0c,10160.878980819352
65f1c79432536e1ffd51dc89,65f1d74032536e1ffd51dd0c,15441.328724330526
65f1c79432536e1ffd51dc89,65f1d74032536e1ffd51dd11,15441.328724330526
65f1c79432536e1ffd51dc89,65f1d74032536e1ffd51dd0d,15442.246132505665
65f1c79432536e1ffd51dc89,65f1d74032536e1ffd51dd13,15442.498552645911
65f1c79432536e1ffd51dc89,65f1d74032536e1ffd51dd0b,15442.672673141094
65f1c79432536e1ffd51dc8a,65f1d74032536e1ffd51dd10,10715.52938578899
65f1c79432536e1ffd51dc8a,65f1d74032536e1ffd51dd0e,10715.579103201739
65f1c79432536e1ffd51dc8a,65f1d74032536e1ffd51dd0b,10715.691740558506
65f1c79432536e1ffd51dc8a,65f1d74032536e1ffd51dd14,10715.691740558506
65f1c79432536e1ffd51dc8a,65f1d74032536e1ffd51dd13,10716.017956290396
65f1c79432536e1ffd51dc8b,65f1d74032536e1ffd51dd10,14620.535302957478
65f1c79432536e1ffd51dc8b,65f1d74032536e1ffd51dd0e,14620.578976616129
65f1c79432536e1ffd51dc8b,65f1d74032536e1ffd51dd0b,14620.676992287315
65f1c79432536e1ffd51dc8b,65f1d74032536e1ffd51dd14,14620.676992287315
65f1c79432536e1ffd51dc8b,65f1d74032536e1ffd51dd13,14620.985807761883
65f1c79432536e1ffd51dc8c,65f1d74032536e1ffd51dd10,13869.353754909287
65f1c79432536e1ffd51dc8c,65f1d74032536e1ffd51dd0e,13869.39290963259
65f1c79432536e1ffd51dc8c,65f1d74032536e1ffd51dd0b,13869.480015390905
65f1c79432536e1ffd51dc8c,65f1d74032536e1ffd51dd14,13869.480015390905
65f1c79432536e1ffd51dc8c,65f1d74032536e1ffd51dd13,13869.775404741154
65f1c79432536e1ffd51dc8d,65f1d74032536e1ffd51dd0c,12360.498611252407
65f1c79432536e1ffd51dc8d,65f1d74032536e1ffd51dd11,12360.498611252407
65f1c79432536e1ffd51dc8d,65f1d74032536e1ffd51dd0d,12361.423433475911
65f1c79432536e1ffd51dc8d,65f1d74032536e1ffd51dd13,12361.718783880708
65f1c79432536e1ffd51dc8d,65f1d74032536e1ffd51dd0f,12361.854865179183
65f1c79432536e1ffd51dc8e,65f1d74032536e1ffd51dd10,14968.270157419136
65f1c79432536e1ffd51dc8e,65f1d74032536e1ffd51dd12,14968.332437109319
65f1c79432536e1ffd51dc8e,65f1d74032536e1ffd51dd0e,14968.34977112623
65f1c79432536e1ffd51dc8e,65f1d74032536e1ffd51dd0f,14968.538497827616
65f1c79432536e1ffd51dc8e,65f1d74032536e1ffd51dd0b,14968.544681065736
65f1c79432536e1ffd51dc8f,65f1d74032536e1ffd51dd0c,15998.255775609923
65f1c79432536e1ffd51dc8f,65f1d74032536e1ffd51dd11,15998.255775609923
65f1c79432536e1ffd51dc8f,65f1d74032536e1ffd51dd0b,15998.81352018932
65f1c79432536e1ffd51dc8f,65f1d74032536e1ffd51dd14,15998.81352018932
65f1c79432536e1ffd51dc8f,65f1d74032536e1ffd51dd13,15998.876969579671
65f1c79432536e1ffd51dc90,65f1d74032536e1ffd51dd12,6220.496758328472
65f1c79432536e1ffd51dc90,65f1d74032536e1ffd51dd0d,6221.746308058823
65f1c79432536e1ffd51dc90,65f1d74032536e1ffd51dd0f,6221.74946282597
65f1c79432536e1ffd51dc90,65f1d74032536e1ffd51dd0c,6221.75027032004
65f1c79432536e1ffd51dc90,65f1d74032536e1ffd51dd11,6221.75027032004
65f1c79432536e1ffd51dc91,65f1d74032536e1ffd51dd10,16120.072357169034
65f1c79432536e1ffd51dc91,65f1d74032536e1ffd51dd0e,16120.141005227972
65f1c79432536e1ffd51dc91,65f1d74032536e1ffd51dd0b,16120.299627826998
65f1c79432536e1ffd51dc91,65f1d74032536e1ffd51dd14,16120.299627826998
65f1c79432536e1ffd51dc91,65f1d74032536e1ffd51dd13,16120.675260394817
65f1c79432536e1ffd51dc92,65f1d74032536e1ffd51dd0c,9580.935638216992
65f1c79432536e1ffd51dc92,65f1d74032536e1ffd51dd11,9580.935638216992
65f1c79432536e1ffd51dc92,65f1d74032536e1ffd51dd0d,9581.841610910316
65f1c79432536e1ffd51dc92,65f1d74032536e1ffd51dd13,9582.054852473922
65f1c79432536e1ffd51dc92,65f1d74032536e1ffd51dd0b,9582.201062883809
65f1c79432536e1ffd51dc93,65f1d74032536e1ffd51dd12,10710.583158201343
65f1c79432536e1ffd51dc93,65f1d74032536e1ffd51dd0c,10711.308395760656
65f1c79432536e1ffd51dc93,65f1d74032536e1ffd51dd11,10711.308395760656
65f1c79432536e1ffd51dc93,65f1d74032536e1ffd51dd0d,10711.6122156774
65f1c79432536e1ffd51dc93,65f1d74032536e1ffd51dd0f,10711.758740084048
65f1c79432536e1ffd51dc94,65f1d74032536e1ffd51dd12,7121.012372161115
65f1c79432536e1ffd51dc94,65f1d74032536e1ffd51dd10,7121.088237758566
65f1c79432536e1ffd51dc94,65f1d74032536e1ffd51dd0e,7121.1632834778675
65f1c79432536e1ffd51dc94,65f1d74032536e1ffd51dd0f,7121.290313505357
65f1c79432536e1ffd51dc94,65f1d74032536e1ffd51dd0b,7121.347572304596
65f1c79432536e1ffd51dc95,65f1d74032536e1ffd51dd12,18115.09917922122
65f1c79432536e1ffd51dc95,65f1d74032536e1ffd51dd0f,18116.33871074898
65f1c79432536e1ffd51dc95,65f1d74032536e1ffd51dd0d,18116.40474206563
65f1c79432536e1ffd51dc95,65f1d74032536e1ffd51dd0c,18116.556385837997
65f1c79432536e1ffd51dc95,65f1d74032536e1ffd51dd11,18116.556385837997
65f1c79432536e1ffd51dc96,65f1d74032536e1ffd51dd10,17147.480419235973
65f1c79432536e1ffd51dc96,65f1d74032536e1ffd51dd0e,17147.512896151886
65f1c79432536e1ffd51dc96,65f1d74032536e1ffd51dd0b,17147.58389449868
65f1c79432536e1ffd51dc96,65f1d74032536e1ffd51dd14,17147.58389449868
65f1c79432536e1ffd51dc96,65f1d74032536e1ffd51dd13,17147.85877541698
65f1c79432536e1ffd51dc97,65f1d74032536e1ffd51dd10,5831.463253724609
65f1c79432536e1ffd51dc97,65f1d74032536e1ffd51dd12,5831.485377189898
65f1c79432536e1ffd51dc97,65f1d74032536e1ffd51dd0e,5831.541549120162
65f1c79432536e1ffd51dc97,65f1d74032536e1ffd51dd0f,5831.712272425863
65f1c79432536e1ffd51dc97,65f1d74032536e1ffd51dd0b,5831.733401933031
65f1c79432536e1ffd51dc98,65f1d74032536e1ffd51dd12,9015.093256487327
65f1c79432536e1ffd51dc98,65f1d74032536e1ffd51dd0f,9016.273485018864
65f1c79432536e1ffd51dc98,65f1d74032536e1ffd51dd0d,9016.421622786153
65f1c79432536e1ffd51dc98,65f1d74032536e1ffd51dd0c,9016.748933595813
65f1c79432536e1ffd51dc98,65f1d74032536e1ffd51dd11,9016.748933595813
65f1c79432536e1ffd51dc99,65f1d74032536e1ffd51dd10,15026.010055422152
65f1c79432536e1ffd51dc99,65f1d74032536e1ffd51dd0e,15026.10275021177
65f1c79432536e1ffd51dc99,65f1d74032536e1ffd51dd0b,15026.327852160059
65f1c79432536e1ffd51dc99,65f1d74032536e1ffd51dd14,15026.327852160059
65f1c79432536e1ffd51dc99,65f1d74032536e1ffd51dd0f,15026.490479507116
65f1c79432536e1ffd51dc9a,65f1d74032536e1ffd51dd12,6038.794347125077
65f1c79432536e1ffd51dc9a,65f1d74032536e1ffd51dd0f,6039.492413813646
65f1c79432536e1ffd51dc9a,65f1d74032536e1ffd51dd10,6039.711180144325
65f1c79432536e1ffd51dc9a,65f1d74032536e1ffd51dd0e,6039.75254719564
65f1c79432536e1ffd51dc9a,65f1d74032536e1ffd51dd13,6039.852728826685
65f1c79432536e1ffd51dc9b,65f1d74032536e1ffd51dd12,4790.398502786059
65f1c79432536e1ffd51dc9b,65f1d74032536e1ffd51dd0f,4790.929027076971
65f1c79432536e1ffd51dc9b,65f1d74032536e1ffd51dd10,4790.97206175702
65f1c79432536e1ffd51dc9b,65f1d74032536e1ffd51dd0e,4791.028468717769
65f1c79432536e1ffd51dc9b,65f1d74032536e1ffd51dd0b,4791.169121128053
65f1c79432536e1ffd51dc9c,65f1d74032536e1ffd51dd12,11818.876814014662
65f1c79432536e1ffd51dc9c,65f1d74032536e1ffd51dd0f,11819.921561201541
65f1c79432536e1ffd51dc9c,65f1d74032536e1ffd51dd0d,11820.162959455894
65f1c79432536e1ffd51dc9c,65f1d74032536e1ffd51dd13,11820.393911493418
65f1c79432536e1ffd51dc9c,65f1d74032536e1ffd51dd0e,11820.557934520044
65f1c79432536e1ffd51dc9d,65f1d74032536e1ffd51dd0c,5528.7753312238665
65f1c79432536e1ffd51dc9d,65f1d74032536e1ffd51dd11,5528.7753312238665
65f1c79432536e1ffd51dc9d,65f1d74032536e1ffd51dd0b,5529.061934460423
65f1c79432536e1ffd51dc9d,65f1d74032536e1ffd51dd14,5529.061934460423
65f1c79432536e1ffd51dc9d,65f1d74032536e1ffd51dd0e,5529.091439392906
65f1c79432536e1ffd51dc9e,65f1d74032536e1ffd51dd10,16672.592267000982
65f1c79432536e1ffd51dc9e,65f1d74032536e1ffd51dd0e,16672.636146033936
65f1c79432536e1ffd51dc9e,65f1d74032536e1ffd51dd0b,16672.734652436968
65f1c79432536e1ffd51dc9e,65f1d74032536e1ffd51dd14,16672.734652436968
65f1c79432536e1ffd51dc9e,65f1d74032536e1ffd51dd13,16673.044052629913
65f1c79432536e1ffd51dc9f,65f1d74032536e1ffd51dd0c,5962.862419533594
65f1c79432536e1ffd51dc9f,65f1d74032536e1ffd51dd11,5962.862419533594
65f1c79432536e1ffd51dc9f,65f1d74032536e1ffd51dd0d,5963.78748446975
65f1c79432536e1ffd51dc9f,65f1d74032536e1ffd51dd13,5964.141231941078
65f1c79432536e1ffd51dc9f,65f1d74032536e1ffd51dd12,5964.173989813415
65f1c79432536e1ffd51dca0,65f1d74032536e1ffd51dd12,14503.923131560141
65f1c79432536e1ffd51dca0,65f1d74032536e1ffd51dd0c,14505.070910382368
65f1c79432536e1ffd51dca0,65f1d74032536e1ffd51dd11,14505.070910382368
65f1c79432536e1ffd51dca0,65f1d74032536e1ffd51dd0d,14505.135806867791
65f1c79432536e1ffd51dca0,65f1d74032536e1ffd51dd0f,14505.171024166219
65f1c79432536e1ffd51dca1,65f1d74032536e1ffd51dd12,4563.362177185968
65f1c79432536e1ffd51dca1,65f1d74032536e1ffd51dd0f,4564.548678255239
65f1c79432536e1ffd51dca1,65f1d74032536e1ffd51dd0d,4564.6906019734915
65f1c79432536e1ffd51dca1,65f1d74032536e1ffd51dd0c,4565.0047446776825
65f1c79432536e1ffd51dca1,65f1d74032536e1ffd51dd11,4565.0047446776825
65f1c79432536e1ffd51dca2,65f1d74032536e1ffd51dd12,8053.98322537312
65f1c79432536e1ffd51dca2,65f1d74032536e1ffd51dd0f,8055.21297642447
65f1c79432536e1ffd51dca2,65f1d74032536e1ffd51dd0d,8055.298789932685
65f1c79432536e1ffd51dca2,65f1d74032536e1ffd51dd0c,8055.493060441412
65f1c79432536e1ffd51dca2,65f1d74032536e1ffd51dd11,8055.493060441412
65f1c98a32536e1ffd51dca5,65f1d74032536e1ffd51dd12,10359.172198477676
65f1c98a32536e1ffd51dca5,65f1d74032536e1ffd51dd0c,10359.181656653735
65f1c98a32536e1ffd51dca5,65f1d74032536e1ffd51dd11,10359.181656653735
65f1c98a32536e1ffd51dca5,65f1d74032536e1ffd51dd0d,10359.798826519389
65f1c98a32536e1ffd51dca5,65f1d74032536e1ffd51dd0f,10360.09064448479
65f1c98a32536e1ffd51dca6,65f1d74032536e1ffd51dd10,10383.686342643912
65f1c98a32536e1ffd51dca6,65f1d74032536e1ffd51dd0e,10383.7811346089
65f1c98a32536e1ffd51dca6,65f1d74032536e1ffd51dd0b,10384.011030640668
65f1c98a32536e1ffd51dca6,65f1d74032536e1ffd51dd14,10384.011030640668
65f1c98a32536e1ffd51dca6,65f1d74032536e1ffd51dd0f,10384.205241390782
65f1c98a32536e1ffd51dca7,65f1d74032536e1ffd51dd0c,7719.029856324681
65f1c98a32536e1ffd51dca7,65f1d74032536e1ffd51dd11,7719.029856324681
65f1c98a32536e1ffd51dca7,65f1d74032536e1ffd51dd12,7719.708812164691
65f1c98a32536e1ffd51dca7,65f1d74032536e1ffd51dd0d,7719.858560203878
65f1c98a32536e1ffd51dca7,65f1d74032536e1ffd51dd0f,7720.2476468205405
65f1c98a32536e1ffd51dca8,65f1d74032536e1ffd51dd10,13230.926967106749
65f1c98a32536e1ffd51dca8,65f1d74032536e1ffd51dd0e,13231.017677418968
65f1c98a32536e1ffd51dca8,65f1d74032536e1ffd51dd0b,13231.230512273483
65f1c98a32536e1ffd51dca8,65f1d74032536e1ffd51dd14,13231.230512273483
65f1c98a32536e1ffd51dca8,65f1d74032536e1ffd51dd13,13231.649130765625
65f1c98a32536e1ffd51dca9,65f1d74032536e1ffd51dd12,5963.242504806713
65f1c98a32536e1ffd51dca9,65f1d74032536e1ffd51dd0f,5964.472316850206
65f1c98a32536e1ffd51dca9,65f1d74032536e1ffd51dd0d,5964.558024872506
65f1c98a32536e1ffd51dca9,65f1d74032536e1ffd51dd0c,5964.7521096660985
65f1c98a32536e1ffd51dca9,65f1d74032536e1ffd51dd11,5964.7521096660985
65f1c98a32536e1ffd51dcaa,65f1d74032536e1ffd51dd10,12339.910917127449
65f1c98a32536e1ffd51dcaa,65f1d74032536e1ffd51dd0e,12339.925936999363
65f1c98a32536e1ffd51dcaa,65f1d74032536e1ffd51dd0b,12339.955000274762
65f1c98a32536e1ffd51dcaa,65f1d74032536e1ffd51dd14,12339.955000274762
65f1c98a32536e1ffd51dcaa,65f1d74032536e1ffd51dd0c,12340.051060961649
65f1c98a32536e1ffd51dcab,65f1d74032536e1ffd51dd10,7998.74980591262
65f1c98a32536e1ffd51dcab,65f1d74032536e1ffd51dd0e,7998.837141173168
65f1c98a32536e1ffd51dcab,65f1d74032536e1ffd51dd0b,7999.041620258925
65f1c98a32536e1ffd51dcab,65f1d74032536e1ffd51dd14,7999.041620258925
65f1c98a32536e1ffd51dcab,65f1d74032536e1ffd51dd13,7999.455250694003
65f1c98a32536e1ffd51dcac,65f1d74032536e1ffd51dd12,19528.072369070087
65f1c98a32536e1ffd51dcac,65f1d74032536e1ffd51dd0f,19529.117352668574
65f1c98a32536e1ffd51dcac,65f1d74032536e1ffd51dd0d,19529.358747717823
65f1c98a32536e1ffd51dcac,65f1d74032536e1ffd51dd13,19529.58959494722
65f1c98a32536e1ffd51dcac,65f1d74032536e1ffd51dd0e,19529.75269972516
65f1c98a32536e1ffd51dcad,65f1d74032536e1ffd51dd0c,16908.37206964556
65f1c98a32536e1ffd51dcad,65f1d74032536e1ffd51dd11,16908.37206964556
65f1c98a32536e1ffd51dcad,65f1d74032536e1ffd51dd12,16908.686652980577
65f1c98a32536e1ffd51dcad,65f1d74032536e1ffd51dd0d,16909.1001148347
65f1c98a32536e1ffd51dcad,65f1d74032536e1ffd51dd0f,16909.443027483103
65f1c98a32536e1ffd51dcae,65f1d74032536e1ffd51dd0c,7841.079771469112
65f1c98a32536e1ffd51dcae,65f1d74032536e1ffd51dd11,7841.079771469112
65f1c98a32536e1ffd51dcae,65f1d74032536e1ffd51dd0b,7841.327077910962
65f1c98a32536e1ffd51dcae,65f1d74032536e1ffd51dd14,7841.327077910962
65f1c98a32536e1ffd51dcae,65f1d74032536e1ffd51dd0e,7841.350520200379
65f1c98a32536e1ffd51dcaf,65f1d74032536e1ffd51dd10,13567.18305718085
65f1c98a32536e1ffd51dcaf,65f1d74032536e1ffd51dd0e,13567.290941851268
65f1c98a32536e1ffd51dcaf,65f1d74032536e1ffd51dd0b,13567.549866726622
65f1c98a32536e1ffd51dcaf,65f1d74032536e1ffd51dd14,13567.549866726622
65f1c98a32536e1ffd51dcaf,65f1d74032536e1ffd51dd13,13567.908145672634
65f1c98a32536e1ffd51dcb0,65f1d74032536e1ffd51dd10,11490.351856280664
65f1c98a32536e1ffd51dcb0,65f1d74032536e1ffd51dd0e,11490.45045804236
65f1c98a32536e1ffd51dcb0,65f1d74032536e1ffd51dd0b,11490.689004758528
65f1c98a32536e1ffd51dcb0,65f1d74032536e1ffd51dd14,11490.689004758528
65f1c98a32536e1ffd51dcb0,65f1d74032536e1ffd51dd0f,11490.94550432002
65f1c98a32536e1ffd51dcb1,65f1d74032536e1ffd51dd0c,14898.72552242375
65f1c98a32536e1ffd51dcb1,65f1d74032536e1ffd51dd11,14898.72552242375
65f1c98a32536e1ffd51dcb1,65f1d74032536e1ffd51dd0b,14899.321149805794
65f1c98a32536e1ffd51dcb1,65f1d74032536e1ffd51dd14,14899.321149805794
65f1c98a32536e1ffd51dcb1,65f1d74032536e1ffd51dd13,14899.374664858587
65f1c98a32536e1ffd51dcb2,65f1d74032536e1ffd51dd0c,12089.489167125277
65f1c98a32536e1ffd51dcb2,65f1d74032536e1ffd51dd11,12089.489167125277
65f1c98a32536e1ffd51dcb2,65f1d74032536e1ffd51dd0b,12089.72369461513
65f1c98a32536e1ffd51dcb2,65f1d74032536e1ffd51dd14,12089.72369461513
65f1c98a32536e1ffd51dcb2,65f1d74032536e1ffd51dd0e,12089.745145664932
65f1c98a32536e1ffd51dcb3,65f1d74032536e1ffd51dd12,4749.7260448377865
65f1c98a32536e1ffd51dcb3,65f1d74032536e1ffd51dd0f,4750.828831693309
65f1c98a32536e1ffd51dcb3,65f1d74032536e1ffd51dd0d,4751.0369080212395
65f1c98a32536e1ffd51dcb3,65f1d74032536e1ffd51dd13,4751.316982553437
65f1c98a32536e1ffd51dcb3,65f1d74032536e1ffd51dd0c,4751.491996534134
65f1c98a32536e1ffd51dcb4,65f1d74032536e1ffd51dd10,10839.281339032566
65f1c98a32536e1ffd51dcb4,65f1d74032536e1ffd51dd0e,10839.380332975556
65f1c98a32536e1ffd51dcb4,65f1d74032536e1ffd51dd0b,10839.619765363175
65f1c98a32536e1ffd51dcb4,65f1d74032536e1ffd51dd14,10839.619765363175
65f1c98a32536e1ffd51dcb4,65f1d74032536e1ffd51dd0f,10839.883148476998
65f1c98a32536e1ffd51dcb5,65f1d74032536e1ffd51dd10,6726.476312063342
65f1c98a32536e1ffd51dcb5,65f1d74032536e1ffd51dd0e,6726.577532403234
65f1c98a32536e1ffd51dcb5,65f1d74032536e1ffd51dd0b,6726.816701044848
65f1c98a32536e1ffd51dcb5,65f1d74032536e1ffd51dd14,6726.816701044848
65f1c98a32536e1ffd51dcb5,65f1d74032536e1ffd51dd13,6727.2435342196795
65f1c98a32536e1ffd51dcb6,65f1d74032536e1ffd51dd0c,16996.53070202949
65f1c98a32536e1ffd51dcb6,65f1d74032536e1ffd51dd11,16996.53070202949
65f1c98a32536e1ffd51dcb6,65f1d74032536e1ffd51dd0b,16997.126682216473
65f1c98a32536e1ffd51dcb6,65f1d74032536e1ffd51dd14,16997.126682216473
65f1c98a32536e1ffd51dcb6,65f1d74032536e1ffd51dd13,16997.180143140704
65f1c98a32536e1ffd51dcb7,65f1d74032536e1ffd51dd10,5306.184305705298
65f1c98a32536e1ffd51dcb7,65f1d74032536e1ffd51dd0e,5306.292054041367
65f1c98a32536e1ffd51dcb7,65f1d74032536e1ffd51dd0b,5306.548201197267
65f1c98a32536e1ffd51dcb7,65f1d74032536e1ffd51dd14,5306.548201197267
65f1c98a32536e1ffd51dcb7,65f1d74032536e1ffd51dd13,5306.965101341081
65f1c98a32536e1ffd51dcb8,65f1d74032536e1ffd51dd10,3120.751574345943
65f1c98a32536e1ffd51dcb8,65f1d74032536e1ffd51dd0e,3120.8609294917605
65f1c98a32536e1ffd51dcb8,65f1d74032536e1ffd51dd0b,3121.122597178081
65f1c98a32536e1ffd51dcb8,65f1d74032536e1ffd51dd14,3121.122597178081
65f1c98a32536e1ffd51dcb8,65f1d74032536e1ffd51dd13,3121.5047248220776
65f1c98a32536e1ffd51dcb9,65f1d74032536e1ffd51dd12,12817.851767985601
65f1c98a32536e1ffd51dcb9,65f1d74032536e1ffd51dd0c,12817.861196590904
65f1c98a32536e1ffd51dcb9,65f1d74032536e1ffd51dd11,12817.861196590904
65f1c98a32536e1ffd51dcb9,65f1d74032536e1ffd51dd0d,12818.478403910192
65f1c98a32536e1ffd51dcb9,65f1d74032536e1ffd51dd0f,12818.770228627938
65f1c98a32536e1ffd51dcba,65f1d74032536e1ffd51dd10,10658.71549169723
65f1c98a32536e1ffd51dcba,65f1d74032536e1ffd51dd0e,10658.772650652789
65f1c98a32536e1ffd51dcba,65f1d74032536e1ffd51dd0b,10658.903326249452
65f1c98a32536e1ffd51dcba,65f1d74032536e1ffd51dd14,10658.903326249452
65f1c98a32536e1ffd51dcba,65f1d74032536e1ffd51dd13,10659.249958149096
65f1c98a32536e1ffd51dcbb,65f1d74032536e1ffd51dd10,13519.071228559707
65f1c98a32536e1ffd51dcbb,65f1d74032536e1ffd51dd0e,13519.156190056303
65f1c98a32536e1ffd51dcbb,65f1d74032536e1ffd51dd0b,13519.354805897117
65f1c98a32536e1ffd51dcbb,65f1d74032536e1ffd51dd14,13519.354805897117
65f1c98a32536e1ffd51dcbb,65f1d74032536e1ffd51dd13,13519.764482927896
65f1c98a32536e1ffd51dcbc,65f1d74032536e1ffd51dd0c,17574.95313868605
65f1c98a32536e1ffd51dcbc,65f1d74032536e1ffd51dd11,17574.95313868605
65f1c98a32536e1ffd51dcbc,65f1d74032536e1ffd51dd12,17575.09148278711
65f1c98a32536e1ffd51dcbc,65f1d74032536e1ffd51dd0d,17575.62333962089
65f1c98a32536e1ffd51dcbc,65f1d74032536e1ffd51dd0f,17575.939586060478
65f1c98a32536e1ffd51dcbd,65f1d74032536e1ffd51dd0c,11160.175605780889
65f1c98a32536e1ffd51dcbd,65f1d74032536e1ffd51dd11,11160.175605780889
65f1c98a32536e1ffd51dcbd,65f1d74032536e1ffd51dd0d,11161.089127807756
65f1c98a32536e1ffd51dcbd,65f1d74032536e1ffd51dd13,11161.326531725379
65f1c98a32536e1ffd51dcbd,65f1d74032536e1ffd51dd0b,11161.489965528923
65f1c98a32536e1ffd51dcbe,65f1d74032536e1ffd51dd12,13336.610848945766
65f1c98a32536e1ffd51dcbe,65f1d74032536e1ffd51dd0f,13337.26646837333
65f1c98a32536e1ffd51dcbe,65f1d74032536e1ffd51dd10,13337.43926285209
65f1c98a32536e1ffd51dcbe,65f1d74032536e1ffd51dd0e,13337.484713624848
65f1c98a32536e1ffd51dcbe,65f1d74032536e1ffd51dd0b,13337.59954556588
65f1c98a32536e1ffd51dcbf,65f1d74032536e1ffd51dd0c,11240.863769570617
65f1c98a32536e1ffd51dcbf,65f1d74032536e1ffd51dd11,11240.863769570617
65f1c98a32536e1ffd51dcbf,65f1d74032536e1ffd51dd12,11241.491756170783
65f1c98a32536e1ffd51dcbf,65f1d74032536e1ffd51dd0d,11241.680038854493
65f1c98a32536e1ffd51dcbf,65f1d74032536e1ffd51dd0f,11242.063444157522
65f1c98a32536e1ffd51dcc0,65f1d74032536e1ffd51dd0c,14335.366630477665
65f1c98a32536e1ffd51dcc0,65f1d74032536e1ffd51dd11,14335.366630477665
65f1c98a32536e1ffd51dcc0,65f1d74032536e1ffd51dd0b,14335.791046546155
65f1c98a32536e1ffd51dcc0,65f1d74032536e1ffd51dd14,14335.791046546155
65f1c98a32536e1ffd51dcc0,65f1d74032536e1ffd51dd0e,14335.841742525514
65f1c98a32536e1ffd51dcc1,65f1d74032536e1ffd51dd12,9027.63709646067
65f1c98a32536e1ffd51dcc1,65f1d74032536e1ffd51dd0f,9028.787312851584
65f1c98a32536e1ffd51dcc1,65f1d74032536e1ffd51dd0d,9028.96170723006
65f1c98a32536e1ffd51dcc1,65f1d74032536e1ffd51dd13,9029.286908901433
65f1c98a32536e1ffd51dcc1,65f1d74032536e1ffd51dd0c,9029.344994845513
65f1c98a32536e1ffd51dcc2,65f1d74032536e1ffd51dd10,11825.17353603652
65f1c98a32536e1ffd51dcc2,65f1d74032536e1ffd51dd0e,11825.282393359514
65f1c98a32536e1ffd51dcc2,65f1d74032536e1ffd51dd0b,11825.541654876353
65f1c98a32536e1ffd51dcc2,65f1d74032536e1ffd51dd14,11825.541654876353
65f1c98a32536e1ffd51dcc2,65f1d74032536e1ffd51dd13,11825.951317665546
65f1c98a32536e1ffd51dcc3,65f1d74032536e1ffd51dd10,6301.989437256439
65f1c98a32536e1ffd51dcc3,65f1d74032536e1ffd51dd0e,6302.093972837667
65f1c98a32536e1ffd51dcc3,65f1d74032536e1ffd51dd0b,6302.341633553306
65f1c98a32536e1ffd51dcc3,65f1d74032536e1ffd51dd14,6302.341633553306
65f1c98a32536e1ffd51dcc3,65f1d74032536e1ffd51dd13,6302.766566915797
65f1c98a32536e1ffd51dcc4,65f1d74032536e1ffd51dd12,13743.391638476121
65f1c98a32536e1ffd51dcc4,65f1d74032536e1ffd51dd0f,13744.100776948218
65f1c98a32536e1ffd51dcc4,65f1d74032536e1ffd51dd10,13744.331348014575
65f1c98a32536e1ffd51dcc4,65f1d74032536e1ffd51dd0e,13744.371664337394
65f1c98a32536e1ffd51dcc4,65f1d74032536e1ffd51dd0d,13744.4591741162
65f1c98a32536e1ffd51dcc5,65f1d74032536e1ffd51dd10,18628.038376791512
65f1c98a32536e1ffd51dcc5,65f1d74032536e1ffd51dd0e,18628.108156600574
65f1c98a32536e1ffd51dcc5,65f1d74032536e1ffd51dd0b,18628.26952628765
65f1c98a32536e1ffd51dcc5,65f1d74032536e1ffd51dd14,18628.26952628765
65f1c98a32536e1ffd51dcc5,65f1d74032536e1ffd51dd13,18628.647793239626
65f1c98a32536e1ffd51dcc6,65f1d74032536e1ffd51dd12,8890.39747420038
65f1c98a32536e1ffd51dcc6,65f1d74032536e1ffd51dd0c,8891.430400696587
65f1c98a32536e1ffd51dcc6,65f1d74032536e1ffd51dd11,8891.430400696587
65f1c98a32536e1ffd51dcc6,65f1d74032536e1ffd51dd0d,8891.565347477286
65f1c98a32536e1ffd51dcc6,65f1d74032536e1ffd51dd0f,8891.633272224104
65f1c98a32536e1ffd51dcc7,65f1d74032536e1ffd51dd10,11806.557465262029
65f1c98a32536e1ffd51dcc7,65f1d74032536e1ffd51dd0e,11806.667034155842
65f1c98a32536e1ffd51dcc7,65f1d74032536e1ffd51dd0b,11806.928728963123
65f1c98a32536e1ffd51dcc7,65f1d74032536e1ffd51dd14,11806.928728963123
65f1c98a32536e1ffd51dcc7,65f1d74032536e1ffd51dd13,11807.323269598262
65f1c98a32536e1ffd51dcc8,65f1d74032536e1ffd51dd10,11028.489830178418
65f1c98a32536e1ffd51dcc8,65f1d74032536e1ffd51dd0e,11028.592796175464
65f1c98a32536e1ffd51dcc8,65f1d74032536e1ffd51dd0b,11028.836415844633
65f1c98a32536e1ffd51dcc8,65f1d74032536e1ffd51dd14,11028.836415844633
65f1c98a32536e1ffd51dcc8,65f1d74032536e1ffd51dd13,11029.26272490337
65f1c98a32536e1ffd51dcc9,65f1d74032536e1ffd51dd10,9223.71079349282
65f1c98a32536e1ffd51dcc9,65f1d74032536e1ffd51dd0e,9223.779888954292
65f1c98a32536e1ffd51dcc9,65f1d74032536e1ffd51dd0b,9223.939610480544
65f1c98a32536e1ffd51dcc9,65f1d74032536e1ffd51dd14,9223.939610480544
65f1c98a32536e1ffd51dcc9,65f1d74032536e1ffd51dd13,9224.316319304315
65f1c98a32536e1ffd51dcca,65f1d74032536e1ffd51dd0c,10010.887008372374
65f1c98a32536e1ffd51dcca,65f1d74032536e1ffd51dd11,10010.887008372374
65f1c98a32536e1ffd51dcca,65f1d74032536e1ffd51dd0b,10011.582179233006
65f1c98a32536e1ffd51dcca,65f1d74032536e1ffd51dd14,10011.582179233006
65f1c98a32536e1ffd51dcca,65f1d74032536e1ffd51dd13,10011.609030455254
65f1c98a32536e1ffd51dccb,65f1d74032536e1ffd51dd0c,9721.438921383377
65f1c98a32536e1ffd51dccb,65f1d74032536e1ffd51dd11,9721.438921383377
65f1c98a32536e1ffd51dccb,65f1d74032536e1ffd51dd0b,9722.07960882124
65f1c98a32536e1ffd51dccb,65f1d74032536e1ffd51dd14,9722.07960882124
65f1c98a32536e1ffd51dccb,65f1d74032536e1ffd51dd13,9722.121134916213
65f1c98a32536e1ffd51dccc,65f1d74032536e1ffd51dd10,13206.223234415189
65f1c98a32536e1ffd51dccc,65f1d74032536e1ffd51dd0e,13206.320266433508
65f1c98a32536e1ffd51dccc,65f1d74032536e1ffd51dd0b,13206.548866618316
65f1c98a32536e1ffd51dccc,65f1d74032536e1ffd51dd14,13206.548866618316
65f1c98a32536e1ffd51dccc,65f1d74032536e1ffd51dd13,13206.974195688641
65f1c98a32536e1ffd51dccd,65f1d74032536e1ffd51dd12,12194.985964196418
65f1c98a32536e1ffd51dccd,65f1d74032536e1ffd51dd0f,12196.211143943563
65f1c98a32536e1ffd51dccd,65f1d74032536e1ffd51dd0d,12196.30467145332
65f1c98a32536e1ffd51dccd,65f1d74032536e1ffd51dd0c,12196.515360459407
65f1c98a32536e1ffd51dccd,65f1d74032536e1ffd51dd11,12196.515360459407
65f1c98a32536e1ffd51dcce,65f1d74032536e1ffd51dd12,14151.99096370937
65f1c98a32536e1ffd51dcce,65f1d74032536e1ffd51dd0f,14152.799116679882
65f1c98a32536e1ffd51dcce,65f1d74032536e1ffd51dd0d,14153.131708067589
65f1c98a32536e1ffd51dcce,65f1d74032536e1ffd51dd10,14153.140591497147
65f1c98a32536e1ffd51dcce,65f1d74032536e1ffd51dd0e,14153.1705974981
65f1c98a32536e1ffd51dccf,65f1d74032536e1ffd51dd10,4574.798621772297
65f1c98a32536e1ffd51dccf,65f1d74032536e1ffd51dd0e,4574.820323184858
65f1c98a32536e1ffd51dccf,65f1d74032536e1ffd51dd0b,4574.8654304764395
65f1c98a32536e1ffd51dccf,65f1d74032536e1ffd51dd14,4574.8654304764395
65f1c98a32536e1ffd51dccf,65f1d74032536e1ffd51dd0c,4575.067640163938
65f1c98a32536e1ffd51dcd0,65f1d74032536e1ffd51dd10,17463.325972023893
65f1c98a32536e1ffd51dcd0,65f1d74032536e1ffd51dd0e,17463.41028482125
65f1c98a32536e1ffd51dcd0,65f1d74032536e1ffd51dd12,17463.53983462893
65f1c98a32536e1ffd51dcd0,65f1d74032536e1ffd51dd0b,17463.61608377744
65f1c98a32536e1ffd51dcd0,65f1d74032536e1ffd51dd14,17463.61608377744
65f1c98a32536e1ffd51dcd1,65f1d74032536e1ffd51dd12,15050.529865908125
65f1c98a32536e1ffd51dcd1,65f1d74032536e1ffd51dd0f,15051.778640872692
65f1c98a32536e1ffd51dcd1,65f1d74032536e1ffd51dd0d,15051.81665111583
65f1c98a32536e1ffd51dcd1,65f1d74032536e1ffd51dd0c,15051.908575770814
65f1c98a32536e1ffd51dcd1,65f1d74032536e1ffd51dd11,15051.908575770814
65f1c98a32536e1ffd51dcd2,65f1d74032536e1ffd51dd12,12580.945981177669
65f1c98a32536e1ffd51dcd2,65f1d74032536e1ffd51dd0f,12582.180627537065
65f1c98a32536e1ffd51dcd2,65f1d74032536e1ffd51dd0d,12582.257237511127
65f1c98a32536e1ffd51dcd2,65f1d74032536e1ffd51dd0c,12582.43176807376
65f1c98a32536e1ffd51dcd2,65f1d74032536e1ffd51dd11,12582.43176807376
65f1c98a32536e1ffd51dcd3,65f1d74032536e1ffd51dd10,14270.061437985396
65f1c98a32536e1ffd51dcd3,65f1d74032536e1ffd51dd0e,14270.10839081028
65f1c98a32536e1ffd51dcd3,65f1d74032536e1ffd51dd0b,14270.214334263192
65f1c98a32536e1ffd51dcd3,65f1d74032536e1ffd51dd14,14270.214334263192
65f1c98a32536e1ffd51dcd3,65f1d74032536e1ffd51dd13,14270.53266943974
65f1c98a32536e1ffd51dcd4,65f1d74032536e1ffd51dd0c,15673.330790692053
65f1c98a32536e1ffd51dcd4,65f1d74032536e1ffd51dd11,15673.330790692053
65f1c98a32536e1ffd51dcd4,65f1d74032536e1ffd51dd0d,15674.209730520186
65f1c98a32536e1ffd51dcd4,65f1d74032536e1ffd51dd13,15674.359336633248
65f1c98a32536e1ffd51dcd4,65f1d74032536e1ffd51dd0b,15674.460175057842
65f1c98a32536e1ffd51dcd5,65f1d74032536e1ffd51dd0c,9637.227218065489
65f1c98a32536e1ffd51dcd5,65f1d74032536e1ffd51dd11,9637.227218065489
65f1c98a32536e1ffd51dcd5,65f1d74032536e1ffd51dd12,9637.3082427595
65f1c98a32536e1ffd51dcd5,65f1d74032536e1ffd51dd0d,9637.877220292183
65f1c98a32536e1ffd51dcd5,65f1d74032536e1ffd51dd0f,9638.184202674656
65f1c98a32536e1ffd51dcd6,65f1d74032536e1ffd51dd12,12582.047127170643
65f1c98a32536e1ffd51dcd6,65f1d74032536e1ffd51dd10,12582.319755395562
65f1c98a32536e1ffd51dcd6,65f1d74032536e1ffd51dd0e,12582.387875328994
65f1c98a32536e1ffd51dcd6,65f1d74032536e1ffd51dd0f,12582.426356530383
65f1c98a32536e1ffd51dcd6,65f1d74032536e1ffd51dd0b,12582.555991313915
65f1c98a32536e1ffd51dcd7,65f1d74032536e1ffd51dd10,14617.155993458655
65f1c98a32536e1ffd51dcd7,65f1d74032536e1ffd51dd0e,14617.1986962265
65f1c98a32536e1ffd51dcd7,65f1d74032536e1ffd51dd0b,14617.29436638474
65f1c98a32536e1ffd51dcd7,65f1d74032536e1ffd51dd14,14617.29436638474
65f1c98a32536e1ffd51dcd7,65f1d74032536e1ffd51dd13,14617.600326519081
65f1c98a32536e1ffd51dcd8,65f1d74032536e1ffd51dd0c,12064.128255531277
65f1c98a32536e1ffd51dcd8,65f1d74032536e1ffd51dd11,12064.128255531277
65f1c98a32536e1ffd51dcd8,65f1d74032536e1ffd51dd0d,12065.03711110681
65f1c98a32536e1ffd51dcd8,65f1d74032536e1ffd51dd13,12065.258990883847
65f1c98a32536e1ffd51dcd8,65f1d74032536e1ffd51dd0b,12065.411348102287
65f1c98a32536e1ffd51dcd9,65f1d74032536e1ffd51dd12,7332.298822556675
65f1c98a32536e1ffd51dcd9,65f1d74032536e1ffd51dd0f,7333.256412125015
65f1c98a32536e1ffd51dcd9,65f1d74032536e1ffd51dd0d,7333.537763516249
65f1c98a32536e1ffd51dcd9,65f1d74032536e1ffd51dd13,7333.702817083145
65f1c98a32536e1ffd51dcd9,65f1d74032536e1ffd51dd10,7333.778216567655
65f1c98a32536e1ffd51dcda,65f1d74032536e1ffd51dd0c,5009.529861408804
65f1c98a32536e1ffd51dcda,65f1d74032536e1ffd51dd11,5009.529861408804
65f1c98a32536e1ffd51dcda,65f1d74032536e1ffd51dd0b,5010.181907129584
65f1c98a32536e1ffd51dcda,65f1d74032536e1ffd51dd14,5010.181907129584
65f1c98a32536e1ffd51dcda,65f1d74032536e1ffd51dd13,5010.220357574235
65f1c98a32536e1ffd51dcdb,65f1d74032536e1ffd51dd10,8070.605542841654
65f1c98a32536e1ffd51dcdb,65f1d74032536e1ffd51dd0e,8070.635719760329
65f1c98a32536e1ffd51dcdb,65f1d74032536e1ffd51dd0b,8070.7011974696115
65f1c98a32536e1ffd51dcdb,65f1d74032536e1ffd51dd14,8070.7011974696115
65f1c98a32536e1ffd51dcdb,65f1d74032536e1ffd51dd13,8070.968918002901
65f1c98a32536e1ffd51dcdc,65f1d74032536e1ffd51dd12,5525.971599711057
65f1c98a32536e1ffd51dcdc,65f1d74032536e1ffd51dd0f,5527.159996025205
65f1c98a32536e1ffd51dcdc,65f1d74032536e1ffd51dd0d,5527.299979701546
65f1c98a32536e1ffd51dcdc,65f1d74032536e1ffd51dd0c,5527.60995753829
65f1c98a32536e1ffd51dcdc,65f1d74032536e1ffd51dd11,5527.60995753829
65f1c98a32536e1ffd51dcdd,65f1d74032536e1ffd51dd12,18244.95807066833
65f1c98a32536e1ffd51dcdd,65f1d74032536e1ffd51dd0c,18245.873669994628
65f1c98a32536e1ffd51dcdd,65f1d74032536e1ffd51dd11,18245.873669994628
65f1c98a32536e1ffd51dcdd,65f1d74032536e1ffd51dd0d,18246.076160520868
65f1c98a32536e1ffd51dcdd,65f1d74032536e1ffd51dd0f,18246.17538759121
65f1c98a32536e1ffd51dcde,65f1d74032536e1ffd51dd0c,476.20856374531854
65f1c98a32536e1ffd51dcde,65f1d74032536e1ffd51dd11,476.20856374531854
65f1c98a32536e1ffd51dcde,65f1d74032536e1ffd51dd0d,477.1187327035683
65f1c98a32536e1ffd51dcde,65f1d74032536e1ffd51dd12,477.33581914303915
65f1c98a32536e1ffd51dcde,65f1d74032536e1ffd51dd13,477.533789346461
65f1c98a32536e1ffd51dcdf,65f1d74032536e1ffd51dd0c,13931.806398182298
65f1c98a32536e1ffd51dcdf,65f1d74032536e1ffd51dd11,13931.806398182298
65f1c98a32536e1ffd51dcdf,65f1d74032536e1ffd51dd0d,13932.710748600788
65f1c98a32536e1ffd51dcdf,65f1d74032536e1ffd51dd12,13932.884854585876
65f1c98a32536e1ffd51dcdf,65f1d74032536e1ffd51dd0f,13933.134000927112
65f1c98a32536e1ffd51dce0,65f1d74032536e1ffd51dd10,10788.395909112993
65f1c98a32536e1ffd51dce0,65f1d74032536e1ffd51dd0e,10788.499751501946
65f1c98a32536e1ffd51dce0,65f1d74032536e1ffd51dd0b,10788.745621899036
65f1c98a32536e1ffd51dce0,65f1d74032536e1ffd51dd14,10788.745621899036
65f1c98a32536e1ffd51dce0,65f1d74032536e1ffd51dd13,10789.171290835462
65f1c98a32536e1ffd51dce1,65f1d74032536e1ffd51dd12,1935.0799605681852
65f1c98a32536e1ffd51dce1,65f1d74032536e1ffd51dd0f,1936.1847801997314
65f1c98a32536e1ffd51dce1,65f1d74032536e1ffd51dd0d,1936.3915415465365
65f1c98a32536e1ffd51dce1,65f1d74032536e1ffd51dd13,1936.6734721440582
65f1c98a32536e1ffd51dce1,65f1d74032536e1ffd51dd0c,1936.8439903506583
65f1c98a32536e1ffd51dce2,65f1d74032536e1ffd51dd10,12766.379840381176
65f1c98a32536e1ffd51dce2,65f1d74032536e1ffd51dd0e,12766.486056385238
65f1c98a32536e1ffd51dce2,65f1d74032536e1ffd51dd0b,12766.73810278661
65f1c98a32536e1ffd51dce2,65f1d74032536e1ffd51dd14,12766.73810278661
65f1c98a32536e1ffd51dce2,65f1d74032536e1ffd51dd13,12767.160099652367
65f1c98a32536e1ffd51dce3,65f1d74032536e1ffd51dd12,5897.098057621272
65f1c98a32536e1ffd51dce3,65f1d74032536e1ffd51dd0f,5898.179760036268
65f1c98a32536e1ffd51dce3,65f1d74032536e1ffd51dd0d,5898.400746830177
65f1c98a32536e1ffd51dce3,65f1d74032536e1ffd51dd13,5898.66235494646
65f1c98a32536e1ffd51dce3,65f1d74032536e1ffd51dd0b,5898.85287369549
65f1c98a32536e1ffd51dce4,65f1d74032536e1ffd51dd12,6663.468199389087
65f1c98a32536e1ffd51dce4,65f1d74032536e1ffd51dd0f,6664.091481454217
65f1c98a32536e1ffd51dce4,65f1d74032536e1ffd51dd10,6664.230237620145
65f1c98a32536e1ffd51dce4,65f1d74032536e1ffd51dd0e,6664.278631183296
65f1c98a32536e1ffd51dce4,65f1d74032536e1ffd51dd0b,6664.400412542137
65f1c98a32536e1ffd51dce5,65f1d74032536e1ffd51dd12,15509.358765405934
65f1c98a32536e1ffd51dce5,65f1d74032536e1ffd51dd0c,15509.5326228987
65f1c98a32536e1ffd51dce5,65f1d74032536e1ffd51dd11,15509.5326228987
65f1c98a32536e1ffd51dce5,65f1d74032536e1ffd51dd0d,15510.086443111994
65f1c98a32536e1ffd51dce5,65f1d74032536e1ffd51dd0f,15510.348932730789
65f1c98a32536e1ffd51dce6,65f1d74032536e1ffd51dd0c,12883.420484833134
65f1c98a32536e1ffd51dce6,65f1d74032536e1ffd51dd11,12883.420484833134
65f1c98a32536e1ffd51dce6,65f1d74032536e1ffd51dd0d,12884.307399569352
65f1c98a32536e1ffd51dce6,65f1d74032536e1ffd51dd13,12884.473542152584
65f1c98a32536e1ffd51dce6,65f1d74032536e1ffd51dd0b,12884.586177953477
65f1c98a32536e1ffd51dce7,65f1d74032536e1ffd51dd0c,4452.054113203159
65f1c98a32536e1ffd51dce7,65f1d74032536e1ffd51dd11,4452.054113203159
65f1c98a32536e1ffd51dce7,65f1d74032536e1ffd51dd0d,4452.955990088616
65f1c98a32536e1ffd51dce7,65f1d74032536e1ffd51dd12,4453.114625710689
65f1c98a32536e1ffd51dce7,65f1d74032536e1ffd51dd0f,4453.378149847699
65f1c98a32536e1ffd51dce8,65f1d74032536e1ffd51dd0c,10803.449443692276
65f1c98a32536e1ffd51dce8,65f1d74032536e1ffd51dd11,10803.449443692276
65f1c98a32536e1ffd51dce8,65f1d74032536e1ffd51dd0b,10803.657785314546
65f1c98a32536e1ffd51dce8,65f1d74032536e1ffd51dd14,10803.657785314546
65f1c98a32536e1ffd51dce8,65f1d74032536e1ffd51dd0e,10803.675224080545
65f1c98a32536e1ffd51dce9,65f1d74032536e1ffd51dd0c,11419.125835411129
65f1c98a32536e1ffd51dce9,65f1d74032536e1ffd51dd11,11419.125835411129
65f1c98a32536e1ffd51dce9,65f1d74032536e1ffd51dd0b,11419.622574052355
65f1c98a32536e1ffd51dce9,65f1d74032536e1ffd51dd14,11419.622574052355
65f1c98a32536e1ffd51dce9,65f1d74032536e1ffd51dd0e,11419.684488293778
65f1c98a32536e1ffd51dcea,65f1d74032536e1ffd51dd0c,1160.2067314928072
65f1c98a32536e1ffd51dcea,65f1d74032536e1ffd51dd11,1160.2067314928072
65f1c98a32536e1ffd51dcea,65f1d74032536e1ffd51dd0b,1160.41954246386
65f1c98a32536e1ffd51dcea,65f1d74032536e1ffd51dd14,1160.41954246386
65f1c98a32536e1ffd51dcea,65f1d74032536e1ffd51dd0e,1160.4378907869996
65f1c98a32536e1ffd51dceb,65f1d74032536e1ffd51dd10,5542.5718595976
65f1c98a32536e1ffd51dceb,65f1d74032536e1ffd51dd0e,5542.670919830212
65f1c98a32536e1ffd51dceb,65f1d74032536e1ffd51dd0b,5542.904622926006
65f1c98a32536e1ffd51dceb,65f1d74032536e1ffd51dd14,5542.904622926006
65f1c98a32536e1ffd51dceb,65f1d74032536e1ffd51dd13,5543.331075538768
65f1c98a32536e1ffd51dcec,65f1d74032536e1ffd51dd10,14588.984482236636
65f1c98a32536e1ffd51dcec,65f1d74032536e1ffd51dd0e,14589.026626920713
65f1c98a32536e1ffd51dcec,65f1d74032536e1ffd51dd0b,14589.120949202514
65f1c98a32536e1ffd51dcec,65f1d74032536e1ffd51dd14,14589.120949202514
65f1c98a32536e1ffd51dcec,65f1d74032536e1ffd51dd13,14589.425260637978
65f1c98a32536e1ffd51dced,65f1d74032536e1ffd51dd12,5898.869734826672
65f1c98a32536e1ffd51dced,65f1d74032536e1ffd51dd0f,5899.864827316884
65f1c98a32536e1ffd51dced,65f1d74032536e1ffd51dd0d,5900.130158975331
65f1c98a32536e1ffd51dced,65f1d74032536e1ffd51dd13,5900.322669645777
65f1c98a32536e1ffd51dced,65f1d74032536e1ffd51dd10,5900.435155852905
65f1c98a32536e1ffd51dcee,65f1d74032536e1ffd51dd10,10553.570970091012
65f1c98a32536e1ffd51dcee,65f1d74032536e1ffd51dd0e,10553.616787017809
65f1c98a32536e1ffd51dcee,65f1d74032536e1ffd51dd0b,10553.719988112074
65f1c98a32536e1ffd51dcee,65f1d74032536e1ffd51dd14,10553.719988112074
65f1c98a32536e1ffd51dcee,65f1d74032536e1ffd51dd13,10554.035062501553
65f1c98a32536e1ffd51dcef,65f1d74032536e1ffd51dd0c,13079.16235922233
65f1c98a32536e1ffd51dcef,65f1d74032536e1ffd51dd11,13079.16235922233
65f1c98a32536e1ffd51dcef,65f1d74032536e1ffd51dd0b,13079.43536078929
65f1c98a32536e1ffd51dcef,65f1d74032536e1ffd51dd14,13079.43536078929
65f1c98a32536e1ffd51dcef,65f1d74032536e1ffd51dd0e,13079.462718516961
65f1c98a32536e1ffd51dcf0,65f1d74032536e1ffd51dd10,11513.152462140484
65f1c98a32536e1ffd51dcf0,65f1d74032536e1ffd51dd0e,11513.211417190007
65f1c98a32536e1ffd51dcf0,65f1d74032536e1ffd51dd0b,11513.346453118686
65f1c98a32536e1ffd51dcf0,65f1d74032536e1ffd51dd14,11513.346453118686
65f1c98a32536e1ffd51dcf0,65f1d74032536e1ffd51dd13,11513.69783227476
65f1c98a32536e1ffd51dcf1,65f1d74032536e1ffd51dd10,13930.998902257463
65f1c98a32536e1ffd51dcf1,65f1d74032536e1ffd51dd0e,13931.082406707646
65f1c98a32536e1ffd51dcf1,65f1d74032536e1ffd51dd0b,13931.277431473492
65f1c98a32536e1ffd51dcf1,65f1d74032536e1ffd51dd14,13931.277431473492
65f1c98a32536e1ffd51dcf1,65f1d74032536e1ffd51dd13,13931.68452786281
65f1c98a32536e1ffd51dcf2,65f1d74032536e1ffd51dd0c,15179.381102096455
65f1c98a32536e1ffd51dcf2,65f1d74032536e1ffd51dd11,15179.381102096455
65f1c98a32536e1ffd51dcf2,65f1d74032536e1ffd51dd10,15179.470982166535
65f1c98a32536e1ffd51dcf2,65f1d74032536e1ffd51dd0e,15179.4739692032
65f1c98a32536e1ffd51dcf2,65f1d74032536e1ffd51dd0b,15179.474220065777
65f1c98a32536e1ffd51dcf3,65f1d74032536e1ffd51dd0c,11193.930332406268
65f1c98a32536e1ffd51dcf3,65f1d74032536e1ffd51dd11,11193.930332406268
65f1c98a32536e1ffd51dcf3,65f1d74032536e1ffd51dd0d,11194.758495098768
65f1c98a32536e1ffd51dcf3,65f1d74032536e1ffd51dd13,11194.823503409083
65f1c98a32536e1ffd51dcf3,65f1d74032536e1ffd51dd0b,11194.864216480673
65f1c98a32536e1ffd51dcf4,65f1d74032536e1ffd51dd10,13435.309747692996
65f1c98a32536e1ffd51dcf4,65f1d74032536e1ffd51dd0e,13435.409187972109
65f1c98a32536e1ffd51dcf4,65f1d74032536e1ffd51dd0b,13435.643847789146
65f1c98a32536e1ffd51dcf4,65f1d74032536e1ffd51dd14,13435.643847789146
65f1c98a32536e1ffd51dcf4,65f1d74032536e1ffd51dd13,13436.07043461111
65f1c98a32536e1ffd51dcf5,65f1d74032536e1ffd51dd10,9241.271400017007
65f1c98a32536e1ffd51dcf5,65f1d74032536e1ffd51dd0e,9241.300354839219
65f1c98a32536e1ffd51dcf5,65f1d74032536e1ffd51dd0b,9241.362890246146
65f1c98a32536e1ffd51dcf5,65f1d74032536e1ffd51dd14,9241.362890246146
65f1c98a32536e1ffd51dcf5,65f1d74032536e1ffd51dd13,9241.626737395964
65f1c98a32536e1ffd51dcf6,65f1d74032536e1ffd51dd12,7351.827896789155
65f1c98a32536e1ffd51dcf6,65f1d74032536e1ffd51dd0f,7352.849261599958
65f1c98a32536e1ffd51dcf6,65f1d74032536e1ffd51dd0d,7353.102362770659
65f1c98a32536e1ffd51dcf6,65f1d74032536e1ffd51dd13,7353.314880112634
65f1c98a32536e1ffd51dcf6,65f1d74032536e1ffd51dd10,7353.4545626250365
65f1c98a32536e1ffd51dcf7,65f1d74032536e1ffd51dd0c,10131.590907929374
65f1c98a32536e1ffd51dcf7,65f1d74032536e1ffd51dd11,10131.590907929374
65f1c98a32536e1ffd51dcf7,65f1d74032536e1ffd51dd0d,10132.478557443806
65f1c98a32536e1ffd51dcf7,65f1d74032536e1ffd51dd12,10132.558202417751
65f1c98a32536e1ffd51dcf7,65f1d74032536e1ffd51dd0f,10132.894358930216
65f1c98a32536e1ffd51dcf8,65f1d74032536e1ffd51dd0c,10755.295934926182
65f1c98a32536e1ffd51dcf8,65f1d74032536e1ffd51dd11,10755.295934926182
65f1c98a32536e1ffd51dcf8,65f1d74032536e1ffd51dd10,10755.402517035007
65f1c98a32536e1ffd51dcf8,65f1d74032536e1ffd51dd0b,10755.402730888743
65f1c98a32536e1ffd51dcf8,65f1d74032536e1ffd51dd14,10755.402730888743
65f1c98a32536e1ffd51dcf9,65f1d74032536e1ffd51dd12,9826.556839937282
65f1c98a32536e1ffd51dcf9,65f1d74032536e1ffd51dd0c,9827.66467930641
65f1c98a32536e1ffd51dcf9,65f1d74032536e1ffd51dd11,9827.66467930641
65f1c98a32536e1ffd51dcf9,65f1d74032536e1ffd51dd0d,9827.75442261018
65f1c98a32536e1ffd51dcf9,65f1d74032536e1ffd51dd0f,9827.801268224657
65f1c98a32536e1ffd51dcfa,65f1d74032536e1ffd51dd10,14247.463298926607
65f1c98a32536e1ffd51dcfa,65f1d74032536e1ffd51dd0e,14247.56000363459
65f1c98a32536e1ffd51dcfa,65f1d74032536e1ffd51dd0b,14247.787782590873
65f1c98a32536e1ffd51dcfa,65f1d74032536e1ffd51dd14,14247.787782590873
65f1c98a32536e1ffd51dcfa,65f1d74032536e1ffd51dd13,14248.212873305376
65f1c98a32536e1ffd51dcfb,65f1d74032536e1ffd51dd0c,13646.392345234226
65f1c98a32536e1ffd51dcfb,65f1d74032536e1ffd51dd11,13646.392345234226
65f1c98a32536e1ffd51dcfb,65f1d74032536e1ffd51dd0d,13647.314900618258
65f1c98a32536e1ffd51dcfb,65f1d74032536e1ffd51dd13,13647.59321903335
65f1c98a32536e1ffd51dcfb,65f1d74032536e1ffd51dd0f,13647.745114230951
65f1c98a32536e1ffd51dcfc,65f1d74032536e1ffd51dd12,17148.757045962713
65f1c98a32536e1ffd51dcfc,65f1d74032536e1ffd51dd0f,17149.97203270155
65f1c98a32536e1ffd51dcfc,65f1d74032536e1ffd51dd0d,17150.080660621385
65f1c98a32536e1ffd51dcfc,65f1d74032536e1ffd51dd0c,17150.32344572561
65f1c98a32536e1ffd51dcfc,65f1d74032536e1ffd51dd11,17150.32344572561
65f1c98a32536e1ffd51dcfd,65f1d74032536e1ffd51dd0c,4771.156474392953
65f1c98a32536e1ffd51dcfd,65f1d74032536e1ffd51dd11,4771.156474392953
65f1c98a32536e1ffd51dcfd,65f1d74032536e1ffd51dd12,4771.251216998962
65f1c98a32536e1ffd51dcfd,65f1d74032536e1ffd51dd0d,4771.811264213058
65f1c98a32536e1ffd51dcfd,65f1d74032536e1ffd51dd0f,4772.120479192275
65f1c98a32536e1ffd51dcfe,65f1d74032536e1ffd51dd10,14606.201687348806
65f1c98a32536e1ffd51dcfe,65f1d74032536e1ffd51dd0e,14606.23743415729
65f1c98a32536e1ffd51dcfe,65f1d74032536e1ffd51dd0b,14606.31631962236
65f1c98a32536e1ffd51dcfe,65f1d74032536e1ffd51dd14,14606.31631962236
65f1c98a32536e1ffd51dcfe,65f1d74032536e1ffd51dd13,14606.601346516887
65f1c98a32536e1ffd51dcff,65f1d74032536e1ffd51dd12,9023.374521114532
65f1c98a32536e1ffd51dcff,65f1d74032536e1ffd51dd0f,9023.9187568199
65f1c98a32536e1ffd51dcff,65f1d74032536e1ffd51dd10,9023.975549185277
65f1c98a32536e1ffd51dcff,65f1d74032536e1ffd51dd0e,9024.030836626749
65f1c98a32536e1ffd51dcff,65f1d74032536e1ffd51dd0b,9024.168851319511
65f1c98a32536e1ffd51dd00,65f1d74032536e1ffd51dd12,4668.627900512183
65f1c98a32536e1ffd51dd00,65f1d74032536e1ffd51dd0f,4669.575375819877
65f1c98a32536e1ffd51dd00,65f1d74032536e1ffd51dd0d,4669.860779934494
65f1c98a32536e1ffd51dd00,65f1d74032536e1ffd51dd13,4670.018654174622
65f1c98a32536e1ffd51dd00,65f1d74032536e1ffd51dd10,4670.084473035417
65f1c98a32536e1ffd51dd01,65f1d74032536e1ffd51dd12,8358.783065249587
65f1c98a32536e1ffd51dd01,65f1d74032536e1ffd51dd0c,8359.646300516642
65f1c98a32536e1ffd51dd01,65f1d74032536e1ffd51dd11,8359.646300516642
65f1c98a32536e1ffd51dd01,65f1d74032536e1ffd51dd0d,8359.877425925708
65f1c98a32536e1ffd51dd01,65f1d74032536e1ffd51dd0f,8359.990148457598
65f1c98a32536e1ffd51dd02,65f1d74032536e1ffd51dd10,14326.812827349131
65f1c98a32536e1ffd51dd02,65f1d74032536e1ffd51dd0e,14326.848566071834
65f1c98a32536e1ffd51dd02,65f1d74032536e1ffd51dd0b,14326.927432564631
65f1c98a32536e1ffd51dd02,65f1d74032536e1ffd51dd14,14326.927432564631
65f1c98a32536e1ffd51dd02,65f1d74032536e1ffd51dd13,14327.212436375792
65f1c98a32536e1ffd51dd03,65f1d74032536e1ffd51dd10,11373.871702554532
65f1c98a32536e1ffd51dd03,65f1d74032536e1ffd51dd0e,11373.977052978968
65f1c98a32536e1ffd51dd03,65f1d74032536e1ffd51dd0b,11374.230612397492
65f1c98a32536e1ffd51dd03,65f1d74032536e1ffd51dd14,11374.230612397492
65f1c98a32536e1ffd51dd03,65f1d74032536e1ffd51dd13,11374.563201775578
65f1c98a32536e1ffd51dd04,65f1d74032536e1ffd51dd10,14164.833371026418
65f1c98a32536e1ffd51dd04,65f1d74032536e1ffd51dd0e,14164.907820973467
65f1c98a32536e1ffd51dd04,65f1d74032536e1ffd51dd0b,14165.080621501209
65f1c98a32536e1ffd51dd04,65f1d74032536e1ffd51dd14,14165.080621501209
65f1c98a32536e1ffd51dd04,65f1d74032536e1ffd51dd13,14165.46951255066
65f1c98a32536e1ffd51dd05,65f1d74032536e1ffd51dd10,10958.384253745762
65f1c98a32536e1ffd51dd05,65f1d74032536e1ffd51dd0e,10958.450251196644
65f1c98a32536e1ffd51dd05,65f1d74032536e1ffd51dd0b,10958.60241831591
65f1c98a32536e1ffd51dd05,65f1d74032536e1ffd51dd14,10958.60241831591
65f1c98a32536e1ffd51dd05,65f1d74032536e1ffd51dd13,10958.97167430983
65f1c98a32536e1ffd51dd06,65f1d74032536e1ffd51dd12,5623.296835102544
65f1c98a32536e1ffd51dd06,65f1d74032536e1ffd51dd0f,5624.547433281075
65f1c98a32536e1ffd51dd06,65f1d74032536e1ffd51dd0d,5624.57651961048
65f1c98a32536e1ffd51dd06,65f1d74032536e1ffd51dd0c,5624.6495275570005
65f1c98a32536e1ffd51dd06,65f1d74032536e1ffd51dd11,5624.6495275570005
65f1c98a32536e1ffd51dd07,65f1d74032536e1ffd51dd12,8961.068805350276
65f1c98a32536e1ffd51dd07,65f1d74032536e1ffd51dd0f,8962.315052612174
65f1c98a32536e1ffd51dd07,65f1d74032536e1ffd51dd0d,8962.362568115954
65f1c98a32536e1ffd51dd07,65f1d74032536e1ffd51dd0c,8962.474943593525
65f1c98a32536e1ffd51dd07,65f1d74032536e1ffd51dd11,8962.474943593525
65f1c98a32536e1ffd51dd08,65f1d74032536e1ffd51dd10,4635.208872936284
65f1c98a32536e1ffd51dd08,65f1d74032536e1ffd51dd0e,4635.278713315356
65f1c98a32536e1ffd51dd08,65f1d74032536e1ffd51dd0b,4635.440257381316
65f1c98a32536e1ffd51dd08,65f1d74032536e1ffd51dd14,4635.440257381316
65f1c98a32536e1ffd51dd08,65f1d74032536e1ffd51dd13,4635.818726797636
